sk,url,vin,make,model,year,trim,type_,condition,price,stock_number,location,custom_label_0,custom_label_1,custom_label_2,Type,Vehicle Type,first_seen,last_seen
fcedae6f96186e4ad91ffa63bb0143f4ffc76cd038d7bd74a2cf1541ec881213,https://www.peakhondaworld.com/inventory/1997-suzuki-marauder-littleton-co-80123-13411704i,JS1VS53A2V2101029,Suzuki,MARAUDER,1997,,,Used,1999,,,,,,Other,Motorcycle,2026-06-02T05:00:01.987+00:00,2026-06-04T05:00:02.473+00:00
77e2d424056369a2b7921a4176b72756d8b8b6cee55834954c8105bfa76cf14d,https://www.peakhondaworld.com/inventory/1998-honda-fourtrax-foreman-littleton-co-80123-14222265i,478TE2247WA003760,Honda,FOURTRAX FOREMAN,1998,,,Used,0,,,,,,Other,Motorcycle,2026-06-02T05:00:01.987+00:00,2026-06-04T05:00:02.473+00:00
cc67bbb9da40b0aa333605fb554b447b45e1dea2cf83ec212db684c4804526f5,https://www.peakhondaworld.com/inventory/2005-honda-goldwing-abs-littleton-co-80123-14314395i,1HFSC47485A404574,Honda,GOLDWING ABS,2005,,,Used,0,,,,,,Other,Motorcycle,2026-06-02T05:00:01.987+00:00,2026-06-04T05:00:02.473+00:00
c2f751df0f8cadcb2b76c4b68d234b70f2ad2cfeab6520f104fc5342ce94aedd,https://www.peakhondaworld.com/inventory/2007-harley-davidson-electra-glide-littleton-co-80123-14307514i,1HD1FC4157Y696548,Harley-Davidson,ELECTRA GLIDE,2007,,,Used,0,,,,,,Other,Motorcycle,2026-06-02T05:00:01.987+00:00,2026-06-04T05:00:02.473+00:00
4e1bf64fb2f61c640b12e08a516df915cde9619184fa6c25e81635cc4df04314,https://www.peakhondaworld.com/inventory/2009-honda-big-red-littleton-co-80123-14317290i,3H1VE01089D001098,Honda,BIG RED,2009,,,Used,0,,,,,,Other,Motorcycle,2026-06-02T05:00:01.987+00:00,2026-06-04T05:00:02.473+00:00
131e6cde8683d2044b2da56cc25ee63549babbab13f7daa493f3a6ea632d0a47,https://www.peakhondaworld.com/inventory/2010-harley-davidson-dyna-glide-fat-bob-littleton-co-80123-14132276i,1HD1GY410AC328504,Harley-Davidson,Dyna Glide Fat Bob,2010,,,Used,5599,,,,,,Other,Motorcycle,2026-06-02T05:00:01.987+00:00,2026-06-04T05:00:02.473+00:00
2195fbff92324bdd7cc2eff40b16983157166869a5f24861451d83879b686701,https://www.peakhondaworld.com/inventory/2011-honda-fourtrax-rancher-4x4-littleton-co-80123-14164165i,1HFTE3503B4401326,Honda,Fourtrax Rancher 4x4,2011,,,Used,2799,,,,,,Other,Motorcycle,2026-05-14T11:42:58.247398+00:00,2026-05-15T05:00:01.995+00:00
799685377c4bbff07a107a55e5622680d0da6bb88a4e46e60ed2c8e9fa2a296c,https://www.peakhondaworld.com/inventory/2013-honda-goldwing-littleton-co-80123-14164166i,JH2SC68H3DK100320,Honda,GOLDWING,2013,,,Used,11999,,,,,,Other,Motorcycle,2026-05-14T11:42:58.247398+00:00,2026-05-15T05:00:01.995+00:00
f235a918a08cc7de6ba91d71c1652bfc317fe9c98cc479ef3bb0e563ae849e5f,https://www.peakhondaworld.com/inventory/2014-yamaha-v-star-950-tourer-littleton-co-80123-13593629i,JYAVN01E2EA019101,Star Motorcycles,V Star 950 Tourer,2014,,,Used,4399,,,,,,Other,Motorcycle,2026-06-02T05:00:01.987+00:00,2026-06-04T05:00:02.473+00:00
010c2d24fed4b4c8987e28f206df765fd72a3f9c0ddea294451aa1e1d0a4bef9,https://www.peakhondaworld.com/inventory/2018-yamaha-xv1900-star-venture-littleton-co-80123-13306135i,JYAVP38Y9JA000230,Yamaha,XV1900 STAR VENTURE,2018,,,Used,12999,,,,,,Other,Motorcycle,2026-06-02T05:00:01.987+00:00,2026-06-04T05:00:02.473+00:00
3c433b316b142065681c6e1caf44561369a50f9c2025866b82bbd84f3218e014,https://www.peakhondaworld.com/inventory/2019-harley-davidson-electra-glide-cvo-littleton-co-80123-14314396i,1HD1TEH17KB959150,Harley-Davidson,ELECTRA GLIDE CVO,2019,,,Used,23999,,,,,,Other,Motorcycle,2026-05-16T05:00:30.275918+00:00,2026-05-17T05:00:02.497+00:00
4a0442ee5b30782a29b198da84d8284674f503360c374fc85490154356c1528b,https://www.peakhondaworld.com/inventory/2020-harley-davidson-softail-heritage-littleton-co-80123-14317291i,1HD1YBK16LB078028,Harley-Davidson,SOFTAIL HERITAGE,2020,,,Used,0,,,,,,Other,Motorcycle,2026-06-02T05:00:01.987+00:00,2026-06-04T05:00:02.473+00:00
312ddc46a3dd0283a4aaccc843f8e777634bb89e7c280790626dd8f09c0997a4,https://www.peakhondaworld.com/inventory/2021-yamaha-tracer-9-gt-littleton-co-80123-13812246i,JYARN74E9MA000436,Yamaha,TRACER 9 GT,2021,,,Used,10999,,,,,,Other,Motorcycle,2026-06-02T05:00:01.987+00:00,2026-06-04T05:00:02.473+00:00
b6e3b5ef3d45f89be6fedc9147a758a4846693cceda166c9e52e07f61ab380e1,https://www.peakhondaworld.com/inventory/2022-cfmoto-700cl-x-littleton-co-80123-13610210i,LCEPEWL1XN6001054,CFMOTO,700CL-X,2022,,,Used,3999,,,,,,Other,Motorcycle,2026-05-14T11:42:58.247398+00:00,2026-05-15T05:00:01.995+00:00
b1e3d6ad147a2a3841d1e790aba9beabe3914acbf3a1e0895e99e410d2596a20,https://www.peakhondaworld.com/inventory/2022-harley-davidson-softail-street-bob-114-littleton-co-80123-13606801i,1HD1YYK12NB026899,Harley-Davidson,Softail Street Bob 114,2022,,,Used,9899,,,,,,Other,Motorcycle,2026-06-02T05:00:01.987+00:00,2026-06-04T05:00:02.473+00:00
128bb5a874222328d7c1f02e611c32e8cf4ad325dd66c12e1b76f6a842863618,https://www.peakhondaworld.com/inventory/2022-honda-cb300r-abs-littleton-co-80123-14314394i,MLHNC5552N5200058,Honda,CB300R ABS,2022,,,Used,0,,,,,,Other,Motorcycle,2026-06-02T05:00:01.987+00:00,2026-06-04T05:00:02.473+00:00
20f6fb696317603f159634ad4b10721c652fa237e72c9c98cafd059284b366f0,https://www.peakhondaworld.com/inventory/2023-bmw-f-900-xr-littleton-co-80123-13492413i,WB10K2302P6G27257,BMW,F 900 XR,2023,,,Used,8899,,,,,,Other,Motorcycle,2026-06-02T05:00:01.987+00:00,2026-06-04T05:00:02.473+00:00
e71d30ae3b15f4cc4fd0ac7f16475cdb3392bbe29cb3ef7035f663ce4983ff96,https://www.peakhondaworld.com/inventory/2023-indian-motorcycle-scout-bobber-littleton-co-80123-13510739i,56KMTA003P3194492,Indian Motorcycle,Scout Bobber,2023,,,Used,10999,,,,,,Other,RV_Camper,2026-06-02T05:00:01.987+00:00,2026-06-04T05:00:02.473+00:00
11a6cbaa5b2529bba71fe466d2d8d971927df5f8af86d5ad633e6d5f14d647ba,https://www.peakhondaworld.com/inventory/2023-yamaha-zuma-125-littleton-co-80123-14254441i,RKRSEH9Y0PA005505,Yamaha,Zuma 125,2023,,,Used,2999,,,,,,Other,Motorcycle,2026-05-14T11:42:58.247398+00:00,2026-05-17T05:00:02.497+00:00
d272c6f3c628c43c16c30617217fa48782ae33a2fd844b3ac9d0d0f1dd0b4143,https://www.peakhondaworld.com/inventory/2024-honda-cb650r-abs-littleton-co-80123-14231989i,MLHRH1655R5001053,Honda,CB650R ABS,2024,,,Used,8299,,,,,,Other,Motorcycle,2026-06-02T05:00:01.987+00:00,2026-06-04T05:00:02.473+00:00
254a7effb75cdc5764ff9b1a882a34d0a833ceda2e66c2457568822c72d112db,https://www.peakhondaworld.com/inventory/2024-honda-foreman-rubicon-dct-ep-littleton-co-80123-14279414i,1HFTE4620R4900083,Honda,FOREMAN RUBICON DCT EP,2024,,,Used,8849,,,,,,Other,Motorcycle,2026-06-02T05:00:01.987+00:00,2026-06-04T05:00:02.473+00:00
aad12e6a50c697c5cd7dd1ef51a3495d7d9e61ecae886a53932cd523cd0db60b,https://www.peakhondaworld.com/inventory/2024-honda-grom-sp-littleton-co-80123-14301631i,MLHJC9219R5201656,Honda,GROM SP,2024,,,Used,3699,,,,,,Other,Motorcycle,2026-06-02T05:00:01.987+00:00,2026-06-04T05:00:02.473+00:00
6da3d243115c2a65568bee497fd3a66b68325e5a58b2f2933750fdb22d6eb672,https://www.peakhondaworld.com/inventory/2024-honda-transalp-littleton-co-80123-14292686i,JH2RD1614RK103903,Honda,TRANSALP,2024,,,New,7999,,,,,,Other,Motorcycle,2026-06-02T05:00:01.987+00:00,2026-06-04T05:00:02.473+00:00
28cf1cca6fdc456f8a1efa37100845fc8d1d7c4373820377fe91c6d236b8a02b,https://www.peakhondaworld.com/inventory/2024-honda-transalp-littleton-co-80123-14292688i,JH2RD1612RK103897,Honda,TRANSALP,2024,,,New,7999,,,,,,Other,Motorcycle,2026-06-02T05:00:01.987+00:00,2026-06-04T05:00:02.473+00:00
918b67d006efd421c3c25bac29a176bc116b6498a88167cbf61e71750c47955c,https://www.peakhondaworld.com/inventory/2024-honda-transalp-littleton-co-80123-14292689i,JH2RD1615RK103893,Honda,TRANSALP,2024,,,New,7999,,,,,,Other,Motorcycle,2026-06-02T05:00:01.987+00:00,2026-06-04T05:00:02.473+00:00
2308ea0336f5ca9fb0f519db3a71a98a1f9e17be39a4b568c559aa8e0d7304a4,https://www.peakhondaworld.com/inventory/2024-ktm-450-sx-f-littleton-co-80123-14132277i,VBKSXS433RM333883,KTM,450 SX-F,2024,,,Used,7999,,,,,,Other,Motorcycle,2026-06-02T05:00:01.987+00:00,2026-06-04T05:00:02.473+00:00
0e840675480a77dab486f7559602f2b32b4e4fc3dee726315323c4938b5469c3,https://www.peakhondaworld.com/inventory/2025-harley-davidson-sportster-nightster-littleton-co-80123-14279413i,MLY1ZH114SS308213,Harley-Davidson,Sportster Nightster,2025,,,Used,9999,,,,,,Other,Motorcycle,2026-06-02T05:00:01.987+00:00,2026-06-04T05:00:02.473+00:00
8fa0275715c50440f84b933b3a0d44e3cc72e86ab22006c084d0c9951dd551ee,https://www.peakhondaworld.com/inventory/2025-honda-cb500f-abs-littleton-co-80123-14259639i,MLHPC7151S5100393,Honda,CB500F ABS,2025,,,New,5299,,,,,,Other,Motorcycle,2026-05-14T11:42:58.247398+00:00,2026-05-15T05:00:01.995+00:00
bf8b01cf1a0bd2a66d07ac0065ef8f4a39976d75a17c0d64cd017149356a7cda,https://www.peakhondaworld.com/inventory/2025-honda-cb500f-abs-littleton-co-80123-14270839i,MLHPC7157S5101421,Honda,CB500F ABS,2025,,,New,6899,,,,,,Other,Motorcycle,2026-06-02T05:00:01.987+00:00,2026-06-04T05:00:02.473+00:00
95bbe348e76a49dbb9be4b6afb8297672468af99bde24faf4f542bf8c1167511,https://www.peakhondaworld.com/inventory/2025-honda-cb500f-littleton-co-80123-14292705i,MLHPC7154S5101411,Honda,CB500F,2025,,,New,6899,,,,,,Other,Motorcycle,2026-06-02T05:00:01.987+00:00,2026-06-04T05:00:02.473+00:00
cf8840fe69f8b9d2b5ae8034f8c8ddaca1fd73c17eafad77f1770762f3f65a1b,https://www.peakhondaworld.com/inventory/2025-honda-cb500f-littleton-co-80123-14292706i,MLHPC7152S5101407,Honda,CB500F,2025,,,New,6899,,,,,,Other,Motorcycle,2026-06-02T05:00:01.987+00:00,2026-06-04T05:00:02.473+00:00
8ed1721856335ffa54b775c474c605d595308c0b28949729fa10d8c17f57d723,https://www.peakhondaworld.com/inventory/2025-honda-cb750-hornet-littleton-co-80123-13585163i,JH2RH2404SK002497,Honda,CB750 HORNET,2025,,,New,7999,,,,,,Other,Motorcycle,2026-06-02T05:00:01.987+00:00,2026-06-04T05:00:02.473+00:00
1bdfabbd533ffd74621ef49d19150a7a5e8db3eba11fc474e3e9eb978c477714,https://www.peakhondaworld.com/inventory/2025-honda-cb750-hornet-littleton-co-80123-13665588i,JH2RH2401SK003087,Honda,CB750 HORNET,2025,,,New,7999,,,,,,Other,Motorcycle,2026-06-02T05:00:01.987+00:00,2026-06-04T05:00:02.473+00:00
0bc72cdbdca13b694353bc964ab0f9c32589a12471ed666b2a68acb9a4f1709d,https://www.peakhondaworld.com/inventory/2025-honda-cb750-hornet-littleton-co-80123-13722900i,JH2RH2407SK003109,Honda,CB750 HORNET,2025,,,New,7999,,,,,,Other,Motorcycle,2026-06-02T05:00:01.987+00:00,2026-06-04T05:00:02.473+00:00
70784386f05ea77423349e0cb4aff2b376a539cea4f76ab435bb2c5d24c664d2,https://www.peakhondaworld.com/inventory/2025-honda-cb750-hornet-littleton-co-80123-14118411i,JH2RH2405SK003710,Honda,CB750 HORNET,2025,,,New,9809,,,,,,Other,Motorcycle,2026-06-02T05:00:01.987+00:00,2026-06-04T05:00:02.473+00:00
8afe51a37af6fc7700c90b2f8cc13e8d9ec2648407fcd786b5de9f9b19575743,https://www.peakhondaworld.com/inventory/2025-honda-cb750-hornet-littleton-co-80123-14118413i,JH2RH2408SK003684,Honda,CB750 HORNET,2025,,,New,7999,,,,,,Other,Motorcycle,2026-06-02T05:00:01.987+00:00,2026-06-04T05:00:02.473+00:00
4aee9d2778fb713efa3f8ca1792fdd221b22df3f5df937e7b138c141b94a3e2a,https://www.peakhondaworld.com/inventory/2025-honda-cbr1000rr-r-fireblade-littleton-co-80123-14300395i,JH2SC8215SK400395,Honda,CBR1000RR-R FIREBLADE,2025,,,New,28999,,,,,,Other,Motorcycle,2026-06-02T05:00:01.987+00:00,2026-06-04T05:00:02.473+00:00
f77309a3e8443f9881e8acc25fa442a6e9348a27be3f66f5ac0ca68e5788ba63,https://www.peakhondaworld.com/inventory/2025-honda-cbr500r-littleton-co-80123-14292690i,MLHPC7052S5102896,Honda,CBR500R,2025,,,New,7399,,,,,,Other,Motorcycle,2026-06-02T05:00:01.987+00:00,2026-06-04T05:00:02.473+00:00
296a4cf3692764cf25ff10e3de86a0e62cf1d75a00b5932771629a3d75d928e8,https://www.peakhondaworld.com/inventory/2025-honda-cbr500r-littleton-co-80123-14292691i,MLHPC7051S5102856,Honda,CBR500R,2025,,,New,7399,,,,,,Other,Motorcycle,2026-06-02T05:00:01.987+00:00,2026-06-04T05:00:02.473+00:00
4fdee15ba802bcc0c1c19275cb72193ce421bfa68810d40ccb670a234e51bf49,https://www.peakhondaworld.com/inventory/2025-honda-crf300l-littleton-co-80123-13500485i,MLHND1657S5402717,Honda,CRF300L,2025,,,New,5749,,,,,,Other,Motorcycle,2026-06-02T05:00:01.987+00:00,2026-06-04T05:00:02.473+00:00
838d42fb9976aeaac712c6d37c1c04bc2a21cfccca5903607100d0cb3c643e92,https://www.peakhondaworld.com/inventory/2025-honda-crf300l-littleton-co-80123-13500492i,MLHND1658S5402712,Honda,CRF300L,2025,,,New,5749,,,,,,Other,Motorcycle,2026-06-02T05:00:01.987+00:00,2026-06-04T05:00:02.473+00:00
381b6cc78c123a2a5a6ad49fda2fe994e84e77830e78f0e918116fc1b482ef1d,https://www.peakhondaworld.com/inventory/2025-honda-crf300l-littleton-co-80123-13516097i,MLHND1656S5403311,Honda,CRF300L,2025,,,New,5749,,,,,,Other,Motorcycle,2026-06-02T05:00:01.987+00:00,2026-06-04T05:00:02.473+00:00
5cabdbfea4edfec7f94b898532063ec9b65fcf8fff7e29f94588b2bf935fa4ba,https://www.peakhondaworld.com/inventory/2025-honda-dax-125-littleton-co-80123-13603774i,MLHJB0653S5003866,Honda,DAX 125,2025,,,New,4199,,,,,,Other,Motorcycle,2026-06-02T05:00:01.987+00:00,2026-06-04T05:00:02.473+00:00
b64d362246b9ee2782ea17905e93ca5205b692df0d139a923b05e060f80b8601,https://www.peakhondaworld.com/inventory/2025-honda-goldwing-tour-dct-littleton-co-80123-14300394i,JH2SC7956SK701177,Honda,GOLDWING TOUR DCT,2025,,,New,30200,,,,,,Other,Motorcycle,2026-06-02T05:00:01.987+00:00,2026-06-04T05:00:02.473+00:00
83a3bb8a9ee2c805cbb516aebdf19997191d75c7993c0fc9309da68f5f76bc84,https://www.peakhondaworld.com/inventory/2025-honda-goldwing-tour-dct-littleton-co-80123-14300397i,JH2SC795XSK701070,Honda,GOLDWING TOUR DCT,2025,,,New,30200,,,,,,Other,Motorcycle,2026-06-02T05:00:01.987+00:00,2026-06-04T05:00:02.473+00:00
a9b7a485c983da94ca785f1710647913a22d04aa7671e75bd2323ca7ca7f03cf,https://www.peakhondaworld.com/inventory/2025-honda-goldwing-tour-littleton-co-80123-14300396i,JH2SC7908SK700908,Honda,GOLDWING TOUR,2025,,,New,29200,,,,,,Other,Motorcycle,2026-06-02T05:00:01.987+00:00,2026-06-04T05:00:02.473+00:00
dee321c7f7bd9a52c32786d6a73a9cbbe53035930869dd16f9c13a439d52894c,https://www.peakhondaworld.com/inventory/2025-honda-nx500-littleton-co-80123-14292692i,MLHPC7250S5101274,Honda,NX500,2025,,,New,7399,,,,,,Other,Motorcycle,2026-06-02T05:00:01.987+00:00,2026-06-04T05:00:02.473+00:00
a86838a5f88f6f088d20cbe07ce580fe9861179c789a15662076c157a093e0f6,https://www.peakhondaworld.com/inventory/2025-honda-pioneer-1000-5-base-littleton-co-80123-13428578i,1HFVE0407S4900980,Honda,Pioneer 1000-5 Base,2025,,,New,14699,,,,,,Other,Motorcycle,2026-05-14T11:42:58.247398+00:00,2026-05-15T05:00:01.995+00:00
20452493e6a05eb876ca6ba3f2dbd68607d8e21d0ef7bd649aca40614db959a4,https://www.peakhondaworld.com/inventory/2025-honda-pioneer-1000-5-base-littleton-co-80123-13734118i,1HFVE0405S4901366,Honda,PIONEER 1000-5 Base,2025,,,New,16606,,,,,,Other,Motorcycle,2026-06-02T05:00:01.987+00:00,2026-06-04T05:00:02.473+00:00
92d166efb53bc703a9e87ac6a527320fa1792e159d9ce5d27a34f5aab09af7bf,https://www.peakhondaworld.com/inventory/2025-honda-pioneer-1000-6-dlx-cre-deluxe-littleton-co-80123-13734119i,1HFVE0817S4201805,Honda,PIONEER 1000-6 DLX CRE Deluxe,2025,,,New,30498,,,,,,Other,Motorcycle,2026-06-02T05:00:01.987+00:00,2026-06-04T05:00:02.473+00:00
786c692b4b72aa91dc768145cddc75e92a4be63944a83aa59ed46d545bba0dcb,https://www.peakhondaworld.com/inventory/2025-honda-pioneer-1000-6-dlx-cre-deluxe-littleton-co-80123-13915956i,1HFVE0827S4200789,Honda,PIONEER 1000-6 DLX CRE Deluxe,2025,,,New,25116,,,,,,Off-road Vehicle - Multipurpose Off-Highway Utility Vehicle [MOHUV] or Recreational Off-Highway Vehicle [ROV],,2026-06-02T05:00:01.987+00:00,2026-06-04T05:00:02.473+00:00
c45b0d7f60c5644493727a68d9a0eb5b498f78f4694ef8c7b123f59a84f49890,https://www.peakhondaworld.com/inventory/2025-honda-pioneer-1000-6-dlx-cre-deluxe-littleton-co-80123-14080830i,1HFVE0818S4203269,Honda,PIONEER 1000-6 DLX CRE Deluxe,2025,,,New,22199,,,,,,Other,Motorcycle,2026-06-02T05:00:01.987+00:00,2026-06-04T05:00:02.473+00:00
75e79114c19dd5816f9f2fd30117b080f7de163c90b376ef53af1d66ce286af2,https://www.peakhondaworld.com/inventory/2025-honda-pioneer-1000-6-dlx-cre-deluxe-littleton-co-80123-14080831i,1HFVE0817S4203182,Honda,PIONEER 1000-6 DLX CRE Deluxe,2025,,,New,22199,,,,,,Other,Motorcycle,2026-06-02T05:00:01.987+00:00,2026-06-04T05:00:02.473+00:00
a1df70dd8454558f1f0f86cb5df93ce2a987905466f745da17e9378060727c4a,https://www.peakhondaworld.com/inventory/2025-honda-pioneer-1000-6-dlx-cre-deluxe-littleton-co-80123-14084234i,1HFVE0823S4201020,Honda,PIONEER 1000-6 DLX CRE Deluxe,2025,,,New,22999,,,,,,,,2026-06-02T05:00:01.987+00:00,2026-06-04T05:00:02.473+00:00
e13c8aef76fc536a88efaf2f427110b08740e4aadcad5de14993c9b2f95c6da4,https://www.peakhondaworld.com/inventory/2025-honda-pioneer-1000-6-dlx-cre-deluxe-littleton-co-80123-14084236i,1HFVE0827S4201019,Honda,PIONEER 1000-6 DLX CRE Deluxe,2025,,,New,26390,,,,,,Off-road Vehicle - Multipurpose Off-Highway Utility Vehicle [MOHUV] or Recreational Off-Highway Vehicle [ROV],,2026-06-02T05:00:01.987+00:00,2026-06-04T05:00:02.473+00:00
9f9d16b369911597f9f421e4bfd6ea6763eb8c34df95af893186c0545f2354d4,https://www.peakhondaworld.com/inventory/2025-honda-pioneer-1000-6-dlx-cre-deluxe-littleton-co-80123-14084238i,1HFVE0814S4203396,Honda,PIONEER 1000-6 DLX CRE Deluxe,2025,,,New,22199,,,,,,Other,Motorcycle,2026-06-02T05:00:01.987+00:00,2026-06-04T05:00:02.473+00:00
a3d167459a03a2f54bd3a7bed0988fe94e9ccc5ba5b44188c31dd42a443164a9,https://www.peakhondaworld.com/inventory/2025-honda-pioneer-1000-6-dlx-cre-deluxe-littleton-co-80123-14084240i,1HFVE0813S4203406,Honda,PIONEER 1000-6 DLX CRE Deluxe,2025,,,New,24828,,,,,,Other,Motorcycle,2026-06-02T05:00:01.987+00:00,2026-06-04T05:00:02.473+00:00
6a983fe16491cc93497cec2038692e8b15f44dd5fe4d771f59a69180b3dbe1b2,https://www.peakhondaworld.com/inventory/2025-honda-pioneer-1000-base-littleton-co-80123-14208677i,1HFVE04AXS4903638,Honda,PIONEER 1000 Base,2025,,,New,17599,,,,,,Other,Motorcycle,2026-06-02T05:00:01.987+00:00,2026-06-04T05:00:02.473+00:00
84923ad3d2ebaedae2ab6ddc4430bf90722b80305bd680839ac8e744a1ef5956,https://www.peakhondaworld.com/inventory/2025-honda-pioneer-1000-deluxe-littleton-co-80123-13596216i,1HFVE04B1S4902340,Honda,PIONEER 1000 DELUXE,2025,Base,,New,33045,,,,,,Other,Motorcycle,2026-06-02T05:00:01.987+00:00,2026-06-04T05:00:02.473+00:00
b45328abfa43b0e938bfc061e3c9c89cbceab74e3a19b22f08aca7a3b94f14d0,https://www.peakhondaworld.com/inventory/2025-honda-rebel-300-base-littleton-co-80123-13337795i,MLHNC5304S5802141,Honda,REBEL 300 Base,2025,,,New,3949,,,,,,Other,Motorcycle,2026-06-02T05:00:01.987+00:00,2026-06-04T05:00:02.473+00:00
abe051e085976a61e3777897db2979bf597f4ddf667368f82ef67818673f8050,https://www.peakhondaworld.com/inventory/2025-honda-rebel-300-littleton-co-80123-13241295i,MLHNC5309S5802118,Honda,REBEL 300,2025,,,New,3949,,,,,,Other,Motorcycle,2026-06-02T05:00:01.987+00:00,2026-06-04T05:00:02.473+00:00
cb05c9ba7303f09341d9f4d2012d49a2d92bd92825166eff2cc80f398d3046e0,https://www.peakhondaworld.com/inventory/2025-honda-rebel-300-littleton-co-80123-13241298i,MLHNC5302S5802252,Honda,REBEL 300,2025,,,New,3949,,,,,,Other,Motorcycle,2026-06-02T05:00:01.987+00:00,2026-06-04T05:00:02.473+00:00
4d64a4a9c0806a928d8b316272de887680b21a37e8c598f16ae46383b82f2112,https://www.peakhondaworld.com/inventory/2025-honda-rebel-300-littleton-co-80123-13241300i,MLHNC5305S5802259,Honda,REBEL 300,2025,,,New,3949,,,,,,Other,Motorcycle,2026-06-02T05:00:01.987+00:00,2026-06-04T05:00:02.473+00:00
35650e47b15d586f07161cb85373b3f4e5edb188a65c7a2257e839a2da51b4f5,https://www.peakhondaworld.com/inventory/2025-honda-rebel-300-littleton-co-80123-13267902i,MLHNC5309S5800062,Honda,REBEL 300,2025,,,New,3949,,,,,,Other,Motorcycle,2026-06-02T05:00:01.987+00:00,2026-06-04T05:00:02.473+00:00
db60b54712a0cd2deb8d8abb1c42722925a34f0002dd34b5c2e8124065f12d74,https://www.peakhondaworld.com/inventory/2025-honda-scl500-littleton-co-80123-13537358i,MLHPC6751S5200947,Honda,SCL500,2025,,,New,5299,,,,,,Other,Motorcycle,2026-06-02T05:00:01.987+00:00,2026-06-04T05:00:02.473+00:00
bac27ce353b3f0f2e0ed809679bb5c856a800d39347ad6954118bdaf8dbd0da5,https://www.peakhondaworld.com/inventory/2025-honda-scl500-littleton-co-80123-13629609i,MLHPC6750S5201281,Honda,SCL500,2025,,,New,5299,,,,,,Other,Motorcycle,2026-06-02T05:00:01.987+00:00,2026-06-04T05:00:02.473+00:00
57d9dde8ff679383f46d6ff63c33ecc6b33e464a969a3e58f6b5781b468462f5,https://www.peakhondaworld.com/inventory/2025-husqvarna-motorcycles-fe-350s-heritage-littleton-co-80123-13606802i,VBKUAG409SM232754,Husqvarna Motorcycles,FE 350S Heritage,2025,,,Used,10999,,,,,,Other,Motorcycle,2026-06-02T05:00:01.987+00:00,2026-06-04T05:00:02.473+00:00
f2e803a160c2ce2edf7bf44c78a6c447daa422db7ef4322ea4f8f21d7454e452,https://www.peakhondaworld.com/inventory/2026-honda-adv160-littleton-co-80123-14275449i,MLHKF5453T5200739,Honda,ADV160,2026,,,New,4499,,,,,,Other,Motorcycle,2026-06-02T05:00:01.987+00:00,2026-06-04T05:00:02.473+00:00
00ee41c288f2ffa66b421cef8f46d645a2bbcd5098f9543560d5e65a5e037a6e,https://www.peakhondaworld.com/inventory/2026-honda-africa-twin-adv-sp-es-littleton-co-80123-14292701i,JH2SD15B4TK200120,Honda,AFRICA TWIN ADV SP ES,2026,,,New,17799,,,,,,Motorcycle - Dual Sport / Adventure / Supermoto / On/Off-road,Motorcycle,2026-06-02T05:00:01.987+00:00,2026-06-04T05:00:02.473+00:00
2f8cf15812bc7a6997cb21fa455ca972235df0b3d80da406dada8e8818ec7bf7,https://www.peakhondaworld.com/inventory/2026-honda-africa-twin-adv-sp-es-littleton-co-80123-14318256i,JH2SD15E9TK200141,Honda,AFRICA TWIN ADV SP ES,2026,,,New,18599,,,,,,Other,Motorcycle,2026-06-02T05:00:01.987+00:00,2026-06-04T05:00:02.473+00:00
fe40ae4ba174983bac0d11329a1e3e08a0c13d3b9a0608e54f4facdf93b8d1a4,https://www.peakhondaworld.com/inventory/2026-honda-africa-twin-dct-littleton-co-80123-14208654i,JH2SD1551TK200103,Honda,AFRICA TWIN DCT,2026,,,New,15999,,,,,,Other,Motorcycle,2026-06-02T05:00:01.987+00:00,2026-06-04T05:00:02.473+00:00
3265e1fd0f684a1bfc8eebe40d0eaf6a4369e63f6e69fa65e2b3b04dcdf6784e,https://www.peakhondaworld.com/inventory/2026-honda-africa-twin-littleton-co-80123-14292699i,JH2SD1519TK200055,Honda,AFRICA TWIN,2026,,,New,15199,,,,,,Other,Motorcycle,2026-05-14T11:42:58.247398+00:00,2026-05-15T05:00:01.995+00:00
13d228dd9052122562105ccd32b75904214768997333699fdfefc416232587c7,https://www.peakhondaworld.com/inventory/2026-honda-cb300r-abs-littleton-co-80123-14182313i,MLHNC5552T5600344,Honda,CB300R ABS,2026,,,New,4499,,,,,,Other,Motorcycle,2026-06-02T05:00:01.987+00:00,2026-06-04T05:00:02.473+00:00
6d0642478f4ab8b6c02afc2692ec6c46b619f5c1a7ccebb7fc965975e5f06a25,https://www.peakhondaworld.com/inventory/2026-honda-cb300r-abs-littleton-co-80123-14270847i,MLHNC5552T5600506,Honda,CB300R ABS,2026,,,New,4499,,,,,,Other,Motorcycle,2026-06-02T05:00:01.987+00:00,2026-06-04T05:00:02.473+00:00
d81cf4f5d4d95342f0117561ef533ea82961acf2017bd12c2427756429ba66bd,https://www.peakhondaworld.com/inventory/2026-honda-cb300r-abs-littleton-co-80123-14270848i,MLHNC5556T5600606,Honda,CB300R ABS,2026,,,New,4499,,,,,,Other,Motorcycle,2026-06-02T05:00:01.987+00:00,2026-06-04T05:00:02.473+00:00
8b28f22aa532b21ff0bcb3b4d928466238644c2c1dd0dbc82a260e08c1ff0c6c,https://www.peakhondaworld.com/inventory/2026-honda-cb650r-e-clutch-e-clutch-littleton-co-80123-14270846i,MLHRH1651T5200897,Honda,CB650R E-CLUTCH E-Clutch,2026,,,New,8699,,,,,,Other,Motorcycle,2026-06-02T05:00:01.987+00:00,2026-06-04T05:00:02.473+00:00
79df9fbbc2f4919f186537f73c27e45c4b426fc831a0ae648b42909fe8c31b11,https://www.peakhondaworld.com/inventory/2026-honda-cb650r-e-clutch-littleton-co-80123-14005621i,MLHRH1655T5200174,Honda,CB650R E-Clutch,2026,,,New,8699,,,,,,Other,Motorcycle,2026-06-02T05:00:01.987+00:00,2026-06-04T05:00:02.473+00:00
5c420363a4235e3f2b4bcfbd882f511efc20c1a9968b9f3fe1c09d95925c7aa5,https://www.peakhondaworld.com/inventory/2026-honda-cb650r-e-clutch-littleton-co-80123-14036945i,MLHRH1652T5200021,Honda,CB650R E-CLUTCH,2026,,,New,8699,,,,,,Other,Motorcycle,2026-06-02T05:00:01.987+00:00,2026-06-04T05:00:02.473+00:00
3e6002144b5c3ab9c9ddcee088d30d3da244fa673ab92f2c687c3e7f2b7eabf7,https://www.peakhondaworld.com/inventory/2026-honda-cb650r-e-clutch-littleton-co-80123-14182319i,MLHRH1652T5200617,Honda,CB650R E-Clutch,2026,,,New,8699,,,,,,Other,Motorcycle,2026-06-02T05:00:01.987+00:00,2026-06-04T05:00:02.473+00:00
a15d3f94eef809ded223813885d8942598132f9aa929b10c937acaa55a68fc1c,https://www.peakhondaworld.com/inventory/2026-honda-cb650r-e-clutch-littleton-co-80123-14292703i,MLHRH1652T5200892,Honda,CB650R E-CLUTCH,2026,,,New,8699,,,,,,Other,Motorcycle,2026-06-02T05:00:01.987+00:00,2026-06-04T05:00:02.473+00:00
16c35e501ce561fc3cfb7ca79b7d245841343e7c83019f00c5d2916e328574a9,https://www.peakhondaworld.com/inventory/2026-honda-cbr1000rr-abs-littleton-co-80123-14182318i,JH2SC7759TK900289,Honda,CBR1000RR ABS,2026,,,New,17299,,,,,,Other,Motorcycle,2026-06-02T05:00:01.987+00:00,2026-06-04T05:00:02.473+00:00
335a88901ae7b398aef24407ec6f99515dcadc5300e0edbacaa984846d5ea0c0,https://www.peakhondaworld.com/inventory/2026-honda-cbr1000rr-littleton-co-80123-13610215i,JH2SC7710TK900453,Honda,CBR1000RR,2026,,,New,16999,,,,,,Other,Motorcycle,2026-06-02T05:00:01.987+00:00,2026-06-04T05:00:02.473+00:00
33cb380d2c727e44f2f7a6bce6ed71c4560ddbdc7c2dfceaaf25b2b4bef9e20a,https://www.peakhondaworld.com/inventory/2026-honda-cbr1000rr-littleton-co-80123-14292702i,JH2SC7714TK900844,Honda,CBR1000RR,2026,,,New,16999,,,,,,Other,Motorcycle,2026-06-02T05:00:01.987+00:00,2026-06-04T05:00:02.473+00:00
b92e4937e4cbb3e4239cc819ad819d975219bea98695cb847fec77e9de8f6df4,https://www.peakhondaworld.com/inventory/2026-honda-cbr1000rr-r-fireblade-fireblade-sp-littleton-co-80123-14254442i,JH2SC8212TK500231,Honda,CBR1000RR-R FIREBLADE Fireblade SP,2026,,,New,28999,,,,,,Motorcycle - Sport,Motorcycle,2026-06-02T05:00:01.987+00:00,2026-06-04T05:00:02.473+00:00
b109237b6819a2b1b80e9ce46650ad2258a7fd4cb7b46f25999b5ee249441863,https://www.peakhondaworld.com/inventory/2026-honda-cbr600rr-abs-littleton-co-80123-14209758i,JH2PC4085TK100422,Honda,CBR600RR ABS,2026,,,New,12499,,,,,,Other,Motorcycle,2026-06-02T05:00:01.987+00:00,2026-06-04T05:00:02.473+00:00
d81a36c86f27f434bed006f1128611737306a1b80254a98d810af07a95eeeef1,https://www.peakhondaworld.com/inventory/2026-honda-cbr600rr-base-littleton-co-80123-14227445i,JH2PC40H7TK301741,Honda,CBR600RR Base,2026,,,New,11499,,,,,,Other,Motorcycle,2026-06-02T05:00:01.987+00:00,2026-06-04T05:00:02.473+00:00
b1d728128931daaac407439e386d981986e016c4f33d5933cb669a5b66623e33,https://www.peakhondaworld.com/inventory/2026-honda-cbr600rr-littleton-co-80123-13665580i,JH2PC40H5TK300863,Honda,CBR600RR,2026,,,New,11499,,,,,,Other,Motorcycle,2026-06-02T05:00:01.987+00:00,2026-06-04T05:00:02.473+00:00
8a92ac2442a8ee7f28080592a1df3f7b2b18d4750b7ad9c6e2f970b654821f04,https://www.peakhondaworld.com/inventory/2026-honda-cbr650r-e-clutch-e-clutch-littleton-co-80123-14208671i,MLHRH1556T5201819,Honda,CBR650R E-CLUTCH E-Clutch,2026,,,New,9199,,,,,,Other,Motorcycle,2026-06-02T05:00:01.987+00:00,2026-06-04T05:00:02.473+00:00
661d161c2fd0a467cabb42b409901a178ced1c2483670fc857e14671be39af24,https://www.peakhondaworld.com/inventory/2026-honda-cbr650r-e-clutch-e-clutch-littleton-co-80123-14208672i,MLHRH1551T5201808,Honda,CBR650R E-CLUTCH E-Clutch,2026,,,New,9199,,,,,,Other,Motorcycle,2026-06-02T05:00:01.987+00:00,2026-06-04T05:00:02.473+00:00
4ecab0b2b4b86ff7339d21e08aae526d373b9a14fc7e340fc35f940e4f1e2821,https://www.peakhondaworld.com/inventory/2026-honda-cbr650r-e-clutch-e-clutch-littleton-co-80123-14208673i,MLHRH1557T5201859,Honda,CBR650R E-CLUTCH E-Clutch,2026,,,New,9199,,,,,,Other,Motorcycle,2026-06-02T05:00:01.987+00:00,2026-06-04T05:00:02.473+00:00
fdbfdf08a381bd7299f65654894cba980eb294839a7c4146cb8eb4a3e7736b58,https://www.peakhondaworld.com/inventory/2026-honda-cbr650r-e-clutch-e-clutch-littleton-co-80123-14248179i,MLHRH155XT5201998,Honda,CBR650R E-CLUTCH E-Clutch,2026,,,New,9199,,,,,,Other,Motorcycle,2026-06-02T05:00:01.987+00:00,2026-06-04T05:00:02.473+00:00
4ab5c0560648ddc8e3804874178e426bfc7dac68d812c4a9fdfd3db8518466ec,https://www.peakhondaworld.com/inventory/2026-honda-cbr650r-e-clutch-e-clutch-littleton-co-80123-14270837i,MLHRH1557T5202459,Honda,CBR650R E-CLUTCH E-Clutch,2026,,,New,11989,,,,,,Other,Motorcycle,2026-06-02T05:00:01.987+00:00,2026-06-04T05:00:02.473+00:00
1d7b181e5fc59df44f2a5cc99f7209ea40a93bc71ab06f961271dccd8e0d60d2,https://www.peakhondaworld.com/inventory/2026-honda-cbr650r-e-clutch-e-clutch-littleton-co-80123-14270838i,MLHRH1554T5202404,Honda,CBR650R E-CLUTCH E-Clutch,2026,,,New,9199,,,,,,Other,Motorcycle,2026-06-02T05:00:01.987+00:00,2026-06-04T05:00:02.473+00:00
7e6000c1e528d915dabf8aac7356ff64f2360fd31fe40f6f359d60de43dc3a7b,https://www.peakhondaworld.com/inventory/2026-honda-cbr650r-e-clutch-littleton-co-80123-14203576i,MLHRH1553T5201874,Honda,CBR650R E-Clutch,2026,,,New,9199,,,,,,Other,Motorcycle,2026-06-02T05:00:01.987+00:00,2026-06-04T05:00:02.473+00:00
821b313c6ff85dc976ac446e4c3c00ad045f2f4a66822b976632d6e36ee78af8,https://www.peakhondaworld.com/inventory/2026-honda-cbr650r-e-clutch-littleton-co-80123-14292704i,MLHRH1552T5202434,Honda,CBR650R E-CLUTCH,2026,,,New,9199,,,,,,Other,Motorcycle,2026-06-02T05:00:01.987+00:00,2026-06-04T05:00:02.473+00:00
2523f36a29f44b8b6c768ca4efcff8c219999e816c70044f915092227aef4b79,https://www.peakhondaworld.com/inventory/2026-honda-cbr650r-e-clutch-littleton-co-80123-14292707i,MLHRH1557T5202431,Honda,CBR650R E-CLUTCH,2026,,,New,9199,,,,,,Other,Motorcycle,2026-06-02T05:00:01.987+00:00,2026-06-04T05:00:02.473+00:00
c087aa39319e8d2bc70630a91e3c0d037814a38c1ce8ed820382a7efd14fe492,https://www.peakhondaworld.com/inventory/2026-honda-crf-110f-littleton-co-80123-14098579i,LALJE0216T3406835,Honda,CRF 110F,2026,,,New,2799,,,,,,Other,Motorcycle,2026-06-02T05:00:01.987+00:00,2026-06-04T05:00:02.473+00:00
285a9ecc728b0760c03bf2b53822a5ca41aeb62c69dec64fb96059c8a6a62000,https://www.peakhondaworld.com/inventory/2026-honda-crf-250rx-littleton-co-80123-13952537i,JH2ME12CXTK700723,Honda,CRF 250RX,2026,,,New,8699,,,,,,Off-road Vehicle - Dirt Bike / Off-Road,,2026-06-02T05:00:01.987+00:00,2026-06-04T05:00:02.473+00:00
b41862bf99810f8b20cbde6df0686dfe0d37f1f448114a13414c96056b63ec73,https://www.peakhondaworld.com/inventory/2026-honda-crf-450rl-littleton-co-80123-13952539i,JH2PD111XTK700950,Honda,CRF 450RL,2026,,,New,10099,,,,,,Other,Motorcycle,2026-06-02T05:00:01.987+00:00,2026-06-04T05:00:02.473+00:00
81c83428d21391094f5c4451ea47c0883c627f76b6d995a35dd26d4aae81cde4,https://www.peakhondaworld.com/inventory/2026-honda-crf-50f-littleton-co-80123-14060482i,LALAE0411T3103216,Honda,CRF 50F,2026,,,New,1899,,,,,,Other,Motorcycle,2026-06-02T05:00:01.987+00:00,2026-06-04T05:00:02.473+00:00
b66af67406663cddc4f587679cf6ad4db15bc8ec3a36b5cb205e1a7203c6689e,https://www.peakhondaworld.com/inventory/2026-honda-crf-50f-littleton-co-80123-14060483i,LALAE0412T3103239,Honda,CRF 50F,2026,,,New,1899,,,,,,Other,Motorcycle,2026-06-02T05:00:01.987+00:00,2026-06-04T05:00:02.473+00:00
601d95540b5983b037239db5ef15e8f71ee18394ad5137ed59cedf64e07d4525,https://www.peakhondaworld.com/inventory/2026-honda-crf110f-littleton-co-80123-14085913i,LALJE0210T3406894,Honda,CRF110F,2026,,,New,2799,,,,,,Other,Motorcycle,2026-05-14T11:42:58.247398+00:00,2026-05-15T05:00:01.995+00:00
f097285fa29d0d9540b182a93d5cbecf468357fa493a6485216cb20d4370d33b,https://www.peakhondaworld.com/inventory/2026-honda-crf110f-littleton-co-80123-14098575i,LALJE0212T3407688,Honda,CRF110F,2026,,,New,2799,,,,,,Other,Motorcycle,2026-06-02T05:00:01.987+00:00,2026-06-04T05:00:02.473+00:00
1ac0622b0d4884761566a97bcc07d017983246cd6afddd9400ef74e9c710aba6,https://www.peakhondaworld.com/inventory/2026-honda-crf110f-littleton-co-80123-14098576i,LALJE0217T3407699,Honda,CRF110F,2026,,,New,2799,,,,,,Other,Motorcycle,2026-06-02T05:00:01.987+00:00,2026-06-04T05:00:02.473+00:00
6b627385ad24fe56430460e00f7a8b5a8a50c7e5ccfa08d33df9ee8bc1c9e7c0,https://www.peakhondaworld.com/inventory/2026-honda-crf110f-littleton-co-80123-14098577i,LALJE0218T3407713,Honda,CRF110F,2026,,,New,2799,,,,,,Other,Motorcycle,2026-05-14T11:42:58.247398+00:00,2026-05-15T05:00:01.995+00:00
435b75c287324f9cfd30c6275704e004e1f18a9aecc3c04fac773a002281c7b1,https://www.peakhondaworld.com/inventory/2026-honda-crf110f-littleton-co-80123-14098578i,LALJE0214T3407689,Honda,CRF110F,2026,,,New,3582,,,,,,Other,Motorcycle,2026-06-02T05:00:01.987+00:00,2026-06-04T05:00:02.473+00:00
ea532be1ae5c9fa5b8815bcf8838bfd1b7b29d081d525cd0b9c014d8255e5e07,https://www.peakhondaworld.com/inventory/2026-honda-crf110f-littleton-co-80123-14254443i,LALJE0210T3408872,Honda,CRF110F,2026,,,New,2799,,,,,,Other,Motorcycle,2026-06-02T05:00:01.987+00:00,2026-06-04T05:00:02.473+00:00
35d8ac7eeff82b240306daa203e1f73fe21f736ae8ae2298bcd630f398130874,https://www.peakhondaworld.com/inventory/2026-honda-crf110f-littleton-co-80123-14254444i,LALJE0211T3408895,Honda,CRF110F,2026,,,New,2799,,,,,,Other,Motorcycle,2026-06-02T05:00:01.987+00:00,2026-06-04T05:00:02.473+00:00
3f9659e6ccc21f295b890e5ec37fbad743b82ba9e79f73ea27c9a9e9cd78d397,https://www.peakhondaworld.com/inventory/2026-honda-crf110f-littleton-co-80123-14254445i,LALJE0210T3410170,Honda,CRF110F,2026,,,New,2799,,,,,,Other,Motorcycle,2026-06-02T05:00:01.987+00:00,2026-06-04T05:00:02.473+00:00
37375dd8e5157e109c7c9950f452cec251b328b15e94726150dde8cd0b6a737c,https://www.peakhondaworld.com/inventory/2026-honda-crf110f-littleton-co-80123-14254446i,LALJE0216T3410190,Honda,CRF110F,2026,,,New,2799,,,,,,Other,Motorcycle,2026-06-02T05:00:01.987+00:00,2026-06-04T05:00:02.473+00:00
4df3005cc6f9275b611c6e31b89113cd2ecd6dbc9ab50f385d38b025af377b6f,https://www.peakhondaworld.com/inventory/2026-honda-crf125f-littleton-co-80123-13857427i,LALJE0314T3300530,Honda,CRF125F,2026,,,New,3599,,,,,,Other,Motorcycle,2026-06-02T05:00:01.987+00:00,2026-06-04T05:00:02.473+00:00
835309a7bf8d9273ec8b82ed786ab8d6262bf11f34960a3e971ea5b15c66600a,https://www.peakhondaworld.com/inventory/2026-honda-crf150r-expert-littleton-co-80123-14132279i,JH2KE03C6TK800589,Honda,CRF150R Expert,2026,,,New,5699,,,,,,"Off-road Vehicle - Motocross (Off-road short distance, closed track racing)",,2026-06-02T05:00:01.987+00:00,2026-06-04T05:00:02.473+00:00
cf3296cf5282ef5e03740c08076fb5025b20bad1e916791ef5177f8a51f85bcc,https://www.peakhondaworld.com/inventory/2026-honda-crf150r-expert-littleton-co-80123-14132280i,JH2KE03C1TK800595,Honda,CRF150R Expert,2026,,,New,5699,,,,,,"Off-road Vehicle - Motocross (Off-road short distance, closed track racing)",,2026-06-02T05:00:01.987+00:00,2026-06-04T05:00:02.473+00:00
c1a2fc5bce05f9305551e76610ee0226c393314f211af1b7e62249c8caae3fde,https://www.peakhondaworld.com/inventory/2026-honda-crf150r-littleton-co-80123-13901374i,JH2KE0338TK800237,Honda,CRF150R,2026,,,New,5499,,,,,,Other,Motorcycle,2026-06-02T05:00:01.987+00:00,2026-06-04T05:00:02.473+00:00
1007fcf7151a097928d7f67c1464d1af3f2edca508c3e723e1f73d49359c1f06,https://www.peakhondaworld.com/inventory/2026-honda-crf150r-littleton-co-80123-13901375i,JH2KE0331TK800239,Honda,CRF150R,2026,,,New,5499,,,,,,Other,Motorcycle,2026-06-02T05:00:01.987+00:00,2026-06-04T05:00:02.473+00:00
cf9c0b6a75f952197966f4db18adbb47188002c6e6a855fc3eacb80ccc742693,https://www.peakhondaworld.com/inventory/2026-honda-crf250r-littleton-co-80123-13574946i,JH2ME1232TK801061,Honda,CRF250R,2026,,,New,8399,,,,,,Other,Motorcycle,2026-06-02T05:00:01.987+00:00,2026-06-04T05:00:02.473+00:00
6ad473dfee67fd24458637c07edad55f644dd19b468baa32c7b34d7806f0d9e8,https://www.peakhondaworld.com/inventory/2026-honda-crf250r-littleton-co-80123-13578432i,JH2ME1230TK800622,Honda,CRF250R,2026,,,New,8399,,,,,,Other,Motorcycle,2026-06-02T05:00:01.987+00:00,2026-06-04T05:00:02.473+00:00
44c1bc65c3c03f6a13dab105b3ee50aeb779703ba491ddef4f9ba8b33a6492e2,https://www.peakhondaworld.com/inventory/2026-honda-crf250r-littleton-co-80123-13578433i,JH2ME1235TK800647,Honda,CRF250R,2026,,,New,8399,,,,,,Other,Motorcycle,2026-06-02T05:00:01.987+00:00,2026-06-04T05:00:02.473+00:00
186c507632b7dc5250a6639aef7dbe65263b4028c877f4d2777dbed1b4bae37d,https://www.peakhondaworld.com/inventory/2026-honda-crf250r-littleton-co-80123-13660838i,JH2ME1230TK801365,Honda,CRF250R,2026,,,New,8399,,,,,,Other,Motorcycle,2026-06-02T05:00:01.987+00:00,2026-06-04T05:00:02.473+00:00
65552efa14403fe3fd8b04e1fc38cdea6cf5bec4d636e0fe2681c0621fa2dbdb,https://www.peakhondaworld.com/inventory/2026-honda-crf250r-littleton-co-80123-14036947i,JH2ME1232TK802470,Honda,CRF250R,2026,,,New,8399,,,,,,Other,Motorcycle,2026-06-02T05:00:01.987+00:00,2026-06-04T05:00:02.473+00:00
d83f77e09be79e662bf8b5aa88d1a40e71dc9317efcc4f8f8cbc3153b37af4f7,https://www.peakhondaworld.com/inventory/2026-honda-crf250rx-littleton-co-80123-14091594i,JH2ME12C9TK700616,Honda,CRF250RX,2026,,,New,8699,,,,,,Off-road Vehicle - Dirt Bike / Off-Road,,2026-06-02T05:00:01.987+00:00,2026-06-04T05:00:02.473+00:00
f5ff2434a35aba55cecf733f49ad70ed59c06f52c153b966a550c218a13c83c8,https://www.peakhondaworld.com/inventory/2026-honda-crf450r-littleton-co-80123-13610216i,JH2PE0734TK900769,Honda,CRF450R,2026,,,New,9699,,,,,,Other,Motorcycle,2026-06-02T05:00:01.987+00:00,2026-06-04T05:00:02.473+00:00
15f7886681640188654dc66ee75982a34831d691e2a1c800a0bd790ce9ee4c8a,https://www.peakhondaworld.com/inventory/2026-honda-crf450r-littleton-co-80123-13846557i,JH2PE0739TK901089,Honda,CRF450R,2026,,,New,9699,,,,,,Other,Motorcycle,2026-06-02T05:00:01.987+00:00,2026-06-04T05:00:02.473+00:00
c520c1edf2bdf85c74ff597a34edaff11564575090b89cbf460714e2b6d48bd9,https://www.peakhondaworld.com/inventory/2026-honda-crf450r-littleton-co-80123-13846558i,JH2PE0736TK901082,Honda,CRF450R,2026,,,New,9699,,,,,,Other,Motorcycle,2026-06-02T05:00:01.987+00:00,2026-06-04T05:00:02.473+00:00
70e38c2cd5526bb726d4ce27546b48cd0699f6ea0e158c17b98607899b19cc11,https://www.peakhondaworld.com/inventory/2026-honda-crf450r-littleton-co-80123-13846559i,JH2PE0737TK901091,Honda,CRF450R,2026,,,New,9699,,,,,,Other,Motorcycle,2026-06-02T05:00:01.987+00:00,2026-06-04T05:00:02.473+00:00
1017f85da1a5b8d854520ebcec8f39c0d633aaddec07eeb018a1bc754c734166,https://www.peakhondaworld.com/inventory/2026-honda-crf450r-littleton-co-80123-13952534i,JH2PE0730TK901613,Honda,CRF450R,2026,,,New,9699,,,,,,Other,Motorcycle,2026-06-02T05:00:01.987+00:00,2026-06-04T05:00:02.473+00:00
b79a027ae2a0453b81778ee911e81e21f5788b55fb2e90203e0d19b2dcc29af2,https://www.peakhondaworld.com/inventory/2026-honda-crf450r-littleton-co-80123-13952538i,JH2PE0731TK901605,Honda,CRF450R,2026,,,New,9699,,,,,,Other,Motorcycle,2026-06-02T05:00:01.987+00:00,2026-06-04T05:00:02.473+00:00
cfbc26deb02c3f9d55ac61f0eb75e1b031e4651e3e4122ebe7b7ca380e1a3b7a,https://www.peakhondaworld.com/inventory/2026-honda-crf450r-littleton-co-80123-14182314i,JH2PE0732TK901547,Honda,CRF450R,2026,,,New,9699,,,,,,Other,Motorcycle,2026-06-02T05:00:01.987+00:00,2026-06-04T05:00:02.473+00:00
427267d19a07a3c2debc93dcb35b3b4d4f340d294f6f4a7f7f4c0ed74eb385e5,https://www.peakhondaworld.com/inventory/2026-honda-crf450rl-littleton-co-80123-13886311i,JH2PD1119TK700647,Honda,CRF450RL,2026,,,New,10099,,,,,,Other,Motorcycle,2026-06-02T05:00:01.987+00:00,2026-06-04T05:00:02.473+00:00
bfdd31a3a4410e4b8603d06b3b6e6de192614238749e3b3030e291a94b75fb0d,https://www.peakhondaworld.com/inventory/2026-honda-crf450rl-littleton-co-80123-13889594i,JH2PD1111TK700657,Honda,CRF450RL,2026,,,New,10099,,,,,,Other,Motorcycle,2026-06-02T05:00:01.987+00:00,2026-06-04T05:00:02.473+00:00
1e6767b28921ed7e0ee11c0af6792014e1ca4dd67d1331ae38cb9b99be4b2630,https://www.peakhondaworld.com/inventory/2026-honda-crf450rl-littleton-co-80123-14182311i,JH2PD1116TK701478,Honda,CRF450RL,2026,,,New,10099,,,,,,Other,Motorcycle,2026-06-02T05:00:01.987+00:00,2026-06-04T05:00:02.473+00:00
6aea14a485349c1bc62e929c5141d8da723e0f75624d5b65478c8d4547e15101,https://www.peakhondaworld.com/inventory/2026-honda-crf450rl-littleton-co-80123-14208655i,JH2PD1113TK701504,Honda,CRF450RL,2026,,,New,10099,,,,,,Other,Motorcycle,2026-06-02T05:00:01.987+00:00,2026-06-04T05:00:02.473+00:00
b274f7131e11837dcd4586bd1ce486350ecc7ee59322df53f44cd1541c3a4732,https://www.peakhondaworld.com/inventory/2026-honda-crf450rwe-littleton-co-80123-13937428i,JH2PE1137TK700676,Honda,CRF450RWE,2026,,,New,12599,,,,,,"Off-road Vehicle - Motocross (Off-road short distance, closed track racing)",,2026-06-02T05:00:01.987+00:00,2026-06-04T05:00:02.473+00:00
600adfd258b9c03575a328ccbc96b6b8a10ef35146f09e9d823d5072b5a21b0d,https://www.peakhondaworld.com/inventory/2026-honda-crf450rx-littleton-co-80123-13480711i,JH2PE1034TK700412,Honda,CRF450RX,2026,,,New,9999,,,,,,"Off-road Vehicle - Motocross (Off-road short distance, closed track racing)",,2026-06-02T05:00:01.987+00:00,2026-06-04T05:00:02.473+00:00
a1a84681d92a10cbba8caeb7a3c676679a659c1ab187be0efd40d7acc62b19c2,https://www.peakhondaworld.com/inventory/2026-honda-crf450x-littleton-co-80123-13886309i,JH2PE0911TK700265,Honda,CRF450X,2026,,,New,9999,,,,,,Other,Motorcycle,2026-06-02T05:00:01.987+00:00,2026-06-04T05:00:02.473+00:00
2b31e9d2529ba30ac9879d97212e6c0e1fd1e6ee6ed3d5bb7a3b21f898f8e5bd,https://www.peakhondaworld.com/inventory/2026-honda-crf450x-littleton-co-80123-13886310i,JH2PE0915TK700270,Honda,CRF450X,2026,,,New,9999,,,,,,Other,Motorcycle,2026-06-02T05:00:01.987+00:00,2026-06-04T05:00:02.473+00:00
90542472c195a854af10637e215d4575d036a4f2ffc001e3f7d5b19fac26859a,https://www.peakhondaworld.com/inventory/2026-honda-crf50f-littleton-co-80123-13620783i,LALAE0417T3100093,Honda,CRF50F,2026,,,New,1899,,,,,,Other,Motorcycle,2026-06-02T05:00:01.987+00:00,2026-06-04T05:00:02.473+00:00
0973e8202b4b4ba7ab34a6b80f5a86c0828676c64302ba12f1bf886f8d677629,https://www.peakhondaworld.com/inventory/2026-honda-dax-125-littleton-co-80123-14311192i,MLHJB0654T5100365,Honda,DAX 125,2026,,,New,4199,,,,,,Other,Motorcycle,2026-06-02T05:00:01.987+00:00,2026-06-04T05:00:02.473+00:00
898e590fbe8e56a0c6f33af7562a230fca0f18d59782713851cb56239db4c719,https://www.peakhondaworld.com/inventory/2026-honda-dax-125-littleton-co-80123-14311193i,MLHJB0655T5100374,Honda,DAX 125,2026,,,New,4199,,,,,,Other,Motorcycle,2026-06-02T05:00:01.987+00:00,2026-06-04T05:00:02.473+00:00
90b79a6e45609e29eca65db5679c1e1e4400345c76dab8ba036164e9ec71ef75,https://www.peakhondaworld.com/inventory/2026-honda-foreman-4x4-4x4-littleton-co-80123-14076258i,1HFTE4402TJ201743,Honda,FOREMAN 4X4 4x4,2026,,,New,8199,,,,,,Other,Motorcycle,2026-06-02T05:00:01.987+00:00,2026-06-04T05:00:02.473+00:00
365ecce267ab358f671e62cc948d35b77416cd49be04fe1006556114c347ab8a,https://www.peakhondaworld.com/inventory/2026-honda-foreman-4x4-4x4-littleton-co-80123-14248181i,1HFTE4409TJ202324,Honda,FOREMAN 4X4 4x4,2026,,,New,8199,,,,,,Other,Motorcycle,2026-06-02T05:00:01.987+00:00,2026-06-04T05:00:02.473+00:00
306469379cdd2d468850bf202a7a519a513d87870083e6e175f41ee2ae44ed29,https://www.peakhondaworld.com/inventory/2026-honda-foreman-4x4-eps-4x4-eps-littleton-co-80123-13540251i,1HFTE4466TJ200261,Honda,FOREMAN 4X4 EPS 4x4 EPS,2026,,,New,9049,,,,,,Other,Motorcycle,2026-06-02T05:00:01.987+00:00,2026-06-04T05:00:02.473+00:00
8fd7696bce2fa20f6a428b03eb5a42ceac983f7fae829cf29f6158d6425c775e,https://www.peakhondaworld.com/inventory/2026-honda-foreman-4x4-eps-4x4-eps-littleton-co-80123-13683326i,1HFTE4467TJ200737,Honda,FOREMAN 4X4 EPS 4x4 EPS,2026,,,New,9049,,,,,,Other,Motorcycle,2026-06-02T05:00:01.987+00:00,2026-06-04T05:00:02.473+00:00
03a6e69a42e6fbf1b26ca85c25fae25b5c7ca77af42593927c1c8acea6f73ff1,https://www.peakhondaworld.com/inventory/2026-honda-foreman-4x4-eps-4x4-eps-littleton-co-80123-13722905i,1HFTE446XTJ200506,Honda,FOREMAN 4X4 EPS 4x4 EPS,2026,,,New,9049,,,,,,Other,Motorcycle,2026-06-02T05:00:01.987+00:00,2026-06-04T05:00:02.473+00:00
72ff474713161018ded16e40477911fba79add16ad0344dbd1fd8330b428e564,https://www.peakhondaworld.com/inventory/2026-honda-foreman-4x4-eps-4x4-eps-littleton-co-80123-13764707i,1HFTE4464TJ200839,Honda,FOREMAN 4X4 EPS 4x4 EPS,2026,,,New,9049,,,,,,Other,Motorcycle,2026-06-02T05:00:01.987+00:00,2026-06-04T05:00:02.473+00:00
25479acaeb1a41a45bfe5a4a2ba3ffc7c0f33335788d30f3ab947efeb7c3af76,https://www.peakhondaworld.com/inventory/2026-honda-foreman-4x4-eps-4x4-eps-littleton-co-80123-13764708i,1HFTE4462TJ200516,Honda,FOREMAN 4X4 EPS 4x4 EPS,2026,,,New,9049,,,,,,Other,Motorcycle,2026-06-02T05:00:01.987+00:00,2026-06-04T05:00:02.473+00:00
069c4c6445ea6a1d4e68562b6a78e4094e3ea6e570d73db14711a7c5c813744f,https://www.peakhondaworld.com/inventory/2026-honda-foreman-4x4-littleton-co-80123-14148233i,1HFTE4446TJ200419,Honda,FOREMAN 4X4,2026,,,New,8699,,,,,,Other,Motorcycle,2026-06-02T05:00:01.987+00:00,2026-06-04T05:00:02.473+00:00
538bda3db2762d1b2424a3a31667502e2975ba564ce498889d22f6a40b947941,https://www.peakhondaworld.com/inventory/2026-honda-foreman-rubicon-4x4-ep-4x4-eps-littleton-co-80123-13687637i,1HFTE4507TJ200571,Honda,FOREMAN RUBICON 4X4 EP 4x4 EPS,2026,,,New,9749,,,,,,Other,Motorcycle,2026-06-02T05:00:01.987+00:00,2026-06-04T05:00:02.473+00:00
f78100cc11d9ade1e7ad34833bbef037a19ef24cae6a4514829b88cdf3dea172,https://www.peakhondaworld.com/inventory/2026-honda-foreman-rubicon-4x4-ep-4x4-eps-littleton-co-80123-13687638i,1HFTE4509TJ200572,Honda,FOREMAN RUBICON 4X4 EP 4x4 EPS,2026,,,New,11526,,,,,,Other,Motorcycle,2026-06-02T05:00:01.987+00:00,2026-06-04T05:00:02.473+00:00
cd7fa83e98ef37864fb4c0b727ce0c1d40a77c13b9439ff7da97b36743b29cdd,https://www.peakhondaworld.com/inventory/2026-honda-foreman-rubicon-4x4-ep-4x4-eps-littleton-co-80123-14076257i,1HFTE4524TJ200674,Honda,FOREMAN RUBICON 4X4 EP 4x4 EPS,2026,,,New,10249,,,,,,Other,Motorcycle,2026-06-02T05:00:01.987+00:00,2026-06-04T05:00:02.473+00:00
13ba2038bb7dc19794d5fa98b271092b899abc318a0c58a3e71b22e40c3f65af,https://www.peakhondaworld.com/inventory/2026-honda-foreman-rubicon-dct-ep-4x4-automatic-dct-eps-deluxe-littleton-co-80123-13790466i,1HFTE467XTJ201158,Honda,FOREMAN RUBICON DCT EP 4x4 Automatic DCT EPS Deluxe,2026,,,New,10949,,,,,,Other,Motorcycle,2026-06-02T05:00:01.987+00:00,2026-06-04T05:00:02.473+00:00
6ec78178ee1a96c615773094716dec918b109db3289b9d86e239646bee27ee80,https://www.peakhondaworld.com/inventory/2026-honda-foreman-rubicon-dct-ep-4x4-automatic-dct-eps-deluxe-littleton-co-80123-13790467i,1HFTE4671TJ201159,Honda,FOREMAN RUBICON DCT EP 4x4 Automatic DCT EPS Deluxe,2026,,,New,10949,,,,,,Other,Motorcycle,2026-06-02T05:00:01.987+00:00,2026-06-04T05:00:02.473+00:00
a10aed864aacb955862d21e53d78fb0f54355c8da99ceaef08809320e06a875d,https://www.peakhondaworld.com/inventory/2026-honda-foreman-rubicon-dct-ep-4x4-automatic-dct-eps-deluxe-littleton-co-80123-13790468i,1HFTE4677TJ201165,Honda,FOREMAN RUBICON DCT EP 4x4 Automatic DCT EPS Deluxe,2026,,,New,11369,,,,,,Other,Motorcycle,2026-06-02T05:00:01.987+00:00,2026-06-04T05:00:02.473+00:00
274a623560593988a0a1e2686b2cbb875eff3e94b5cb3a11924bd6f04219e771,https://www.peakhondaworld.com/inventory/2026-honda-foreman-rubicon-dct-ep-4x4-automatic-dct-eps-littleton-co-80123-13764705i,1HFTE4629TJ200703,Honda,FOREMAN RUBICON DCT EP 4x4 Automatic DCT EPS,2026,,,New,10449,,,,,,Other,Motorcycle,2026-06-02T05:00:01.987+00:00,2026-06-04T05:00:02.473+00:00
727267b4627d577fe92479ec48f641f3f9f6e4a395a75cd6363837fc24873717,https://www.peakhondaworld.com/inventory/2026-honda-foreman-rubicon-dct-ep-4x4-automatic-dct-eps-littleton-co-80123-13764706i,1HFTE4626TJ200707,Honda,FOREMAN RUBICON DCT EP 4x4 Automatic DCT EPS,2026,,,New,10449,,,,,,Other,Motorcycle,2026-06-02T05:00:01.987+00:00,2026-06-04T05:00:02.473+00:00
c89205af48eafa122bd3cf4e78e87215f2f2936be62ea1eeafa0d637ef6037a6,https://www.peakhondaworld.com/inventory/2026-honda-foreman-rubicon-dct-ep-4x4-automatic-dct-eps-littleton-co-80123-13790470i,1HFTE4620TJ200704,Honda,FOREMAN RUBICON DCT EP 4x4 Automatic DCT EPS,2026,,,New,10449,,,,,,Other,Motorcycle,2026-06-02T05:00:01.987+00:00,2026-06-04T05:00:02.473+00:00
11cf3d8ca00967fb33637b395131081835504e3782fff2f51e9a8c0adba4819c,https://www.peakhondaworld.com/inventory/2026-honda-foreman-rubicon-dct-ep-4x4-automatic-dct-eps-littleton-co-80123-13993192i,1HFTE46D0TJ200462,Honda,FOREMAN RUBICON DCT EP 4x4 Automatic DCT EPS,2026,,,New,10949,,,,,,Off-road Vehicle - All Terrain Vehicle (ATV) (Motorcycle-style),Motorcycle,2026-06-02T05:00:01.987+00:00,2026-06-04T05:00:02.473+00:00
84c74df59840e5e7c0b9c6cb382310608ae226d307495463df8c24ec3ad48d5b,https://www.peakhondaworld.com/inventory/2026-honda-foreman-rubicon-dct-ep-4x4-automatic-dct-eps-littleton-co-80123-14012605i,1HFTE46D7TJ200460,Honda,FOREMAN RUBICON DCT EP 4x4 Automatic DCT EPS,2026,,,New,10949,,,,,,Off-road Vehicle - All Terrain Vehicle (ATV) (Motorcycle-style),Motorcycle,2026-06-02T05:00:01.987+00:00,2026-06-04T05:00:02.473+00:00
25086c505e374b30008028f3d40cbad008e35d1d407ce2c4f2dfe740c19a8a9c,https://www.peakhondaworld.com/inventory/2026-honda-fourtrax-foreman-rubicon-4x4-automatic-dct-eps-deluxe-littleton-co-80123-14085907i,1HFTE4671TJ202280,Honda,FourTrax Foreman Rubicon 4x4 Automatic DCT EPS Deluxe,2026,,,New,10949,,,,,,Other,Motorcycle,2026-06-02T05:00:01.987+00:00,2026-06-04T05:00:02.473+00:00
3b374aa51ea560629af09e05b8d215f055dadb3d186da33d4c944ae524f18b54,https://www.peakhondaworld.com/inventory/2026-honda-fourtrax-foreman-rubicon-4x4-automatic-dct-eps-deluxe-littleton-co-80123-14085908i,1HFTE4675TJ202279,Honda,FourTrax Foreman Rubicon 4x4 Automatic DCT EPS Deluxe,2026,,,New,10949,,,,,,Other,Motorcycle,2026-06-02T05:00:01.987+00:00,2026-06-04T05:00:02.473+00:00
2c03ae68c13ed25667a8870209c05c6c29eba5c17e6cdd7f3c6af317971bf59f,https://www.peakhondaworld.com/inventory/2026-honda-fourtrax-foreman-rubicon-4x4-automatic-dct-eps-deluxe-littleton-co-80123-14118425i,1HFTE467XTJ202021,Honda,FourTrax Foreman Rubicon 4x4 Automatic DCT EPS Deluxe,2026,,,New,10949,,,,,,Other,Motorcycle,2026-06-02T05:00:01.987+00:00,2026-06-04T05:00:02.473+00:00
cc577f27f26dd2ea059e53f69325153c39b79c8b31ff93dc60edd10da8d607bd,https://www.peakhondaworld.com/inventory/2026-honda-fourtrax-foreman-rubicon-4x4-automatic-dct-eps-littleton-co-80123-14118424i,1HFTE46DXTJ200680,Honda,FourTrax Foreman Rubicon 4x4 Automatic DCT EPS,2026,,,New,10949,,,,,,Off-road Vehicle - All Terrain Vehicle (ATV) (Motorcycle-style),Motorcycle,2026-06-02T05:00:01.987+00:00,2026-06-04T05:00:02.473+00:00
8ecf6289be50a881ba017529f2f2b78311adbaccbf2df78c6e558fef43453379,https://www.peakhondaworld.com/inventory/2026-honda-fourtrax-foreman-rubicon-4x4-eps-littleton-co-80123-14182316i,1HFTE4507TJ201025,Honda,FourTrax Foreman Rubicon 4x4 EPS,2026,,,New,9749,,,,,,Other,Motorcycle,2026-06-02T05:00:01.987+00:00,2026-06-04T05:00:02.473+00:00
f568516e89d10fe963e96c573f342cd0e463ae6b4e0841b59a888afb8bb67db8,https://www.peakhondaworld.com/inventory/2026-honda-fourtrax-rancher-4x4-automatic-dct-eps-littleton-co-80123-14012606i,1HFTE4101TJ201852,Honda,FourTrax Rancher 4X4 Automatic DCT EPS,2026,,,New,7849,,,,,,Other,Motorcycle,2026-06-02T05:00:01.987+00:00,2026-06-04T05:00:02.473+00:00
43add3fd62c61bd736ff3e09c6438d004af107385fa4b752b480bdf8050be380,https://www.peakhondaworld.com/inventory/2026-honda-fourtrax-rancher-4x4-automatic-dct-eps-littleton-co-80123-14085909i,1HFTE4103TJ201867,Honda,FourTrax Rancher 4X4 Automatic DCT EPS,2026,,,New,7849,,,,,,Other,Motorcycle,2026-06-02T05:00:01.987+00:00,2026-06-04T05:00:02.473+00:00
f75659cc5ae070a02d8d58edff805e20eefcd71b5d9848b9a8c7a0d6f79bd25d,https://www.peakhondaworld.com/inventory/2026-honda-fourtrax-rancher-4x4-littleton-co-80123-14012609i,1HFTE4051TJ201282,Honda,FourTrax Rancher 4X4,2026,,,New,6549,,,,,,Other,Motorcycle,2026-06-02T05:00:01.987+00:00,2026-06-04T05:00:02.473+00:00
89df5b62bfdb73c81443b7e518a37083741e3a6bbe28289554ad609f7605f509,https://www.peakhondaworld.com/inventory/2026-honda-fourtrax-rubicon-700-4x4-automatic-littleton-co-80123-14084242i,1HFTE3303TJ200127,Honda,FourTrax Rubicon 700 4x4 Automatic,2026,,,New,9999,,,,,,Off-road Vehicle - All Terrain Vehicle (ATV) (Motorcycle-style),Motorcycle,2026-06-02T05:00:01.987+00:00,2026-06-04T05:00:02.473+00:00
5e81b4b514d638916a3ebf031874dadfabb9f2586f307d1bc3ed171df22dd674,https://www.peakhondaworld.com/inventory/2026-honda-gold-wing-automatic-dct-littleton-co-80123-14118419i,JH2SC7947TK800129,Honda,Gold Wing Automatic DCT,2026,,,New,26500,,,,,,Other,Motorcycle,2026-06-02T05:00:01.987+00:00,2026-06-04T05:00:02.473+00:00
f2c178e4a1b3655a686e796d64e6d82cd4d98eafd9c60e99bca0a632cc343a37,https://www.peakhondaworld.com/inventory/2026-honda-gold-wing-tour-airbag-automatic-dct-littleton-co-80123-14012597i,JH2SC7972TK800047,Honda,Gold Wing Tour Airbag Automatic DCT,2026,,,New,33800,,,,,,Other,Motorcycle,2026-06-02T05:00:01.987+00:00,2026-06-04T05:00:02.473+00:00
841e969dd9a00295f6b79044a45e698939decf802a56ffee0d1af6eb3512f6b0,https://www.peakhondaworld.com/inventory/2026-honda-gold-wing-tour-automatic-dct-littleton-co-80123-14012596i,JH2SC7952TK800063,Honda,Gold Wing Tour Automatic DCT,2026,,,New,30500,,,,,,Other,Motorcycle,2026-06-02T05:00:01.987+00:00,2026-06-04T05:00:02.473+00:00
61929d28b1defd2fa07d36e692d39ee5e80a457e3f203d01859b09ef01c81b18,https://www.peakhondaworld.com/inventory/2026-honda-gold-wing-tour-automatic-dct-littleton-co-80123-14085910i,JH2SC7953TK800413,Honda,Gold Wing Tour Automatic DCT,2026,,,New,30500,,,,,,Other,Motorcycle,2026-06-02T05:00:01.987+00:00,2026-06-04T05:00:02.473+00:00
e81d3c1e16a257b9a7acd04dcceefb8f17600b1a384cb873a9377850a2c84a3b,https://www.peakhondaworld.com/inventory/2026-honda-gold-wing-tour-base-littleton-co-80123-14005627i,JH2SC7901TK800107,Honda,Gold Wing Tour Base,2026,,,New,29500,,,,,,Other,Motorcycle,2026-05-14T11:42:58.247398+00:00,2026-05-15T05:00:01.995+00:00
5f4ea81dc6ca686a8913b0c22796d60fe22376b12541ed90411d9c4b24f26e67,https://www.peakhondaworld.com/inventory/2026-honda-gold-wing-tour-base-littleton-co-80123-14005628i,JH2SC7908TK800024,Honda,Gold Wing Tour Base,2026,,,New,29500,,,,,,Other,Motorcycle,2026-06-02T05:00:01.987+00:00,2026-06-04T05:00:02.473+00:00
226f55f1f6287ffa34a21c325830ac263485a4a38b23f742526bb4af04dec4fa,https://www.peakhondaworld.com/inventory/2026-honda-goldwing-tour-dct-automatic-dct-littleton-co-80123-14270836i,JH2SC7958TK800746,Honda,GOLDWING TOUR DCT Automatic DCT,2026,,,New,30500,,,,,,Other,Motorcycle,2026-06-02T05:00:01.987+00:00,2026-06-04T05:00:02.473+00:00
a88b2c639c3fac7e95863ce1b9a98e0f3461e67602df0b15c41025c0f1656341,https://www.peakhondaworld.com/inventory/2026-honda-grom-base-littleton-co-80123-13477568i,MLHJC9218T5402908,Honda,GROM Base,2026,,,New,3599,,,,,,Other,Motorcycle,2026-06-02T05:00:01.987+00:00,2026-06-04T05:00:02.473+00:00
33af69961eeb76ba5f6903a0e0bba5d259a1c45dca2b01e8a413283c98c2c68d,https://www.peakhondaworld.com/inventory/2026-honda-grom-sp-littleton-co-80123-13477566i,MLHJC9217T5400101,Honda,GROM SP,2026,,,New,3799,,,,,,Other,Motorcycle,2026-06-02T05:00:01.987+00:00,2026-06-04T05:00:02.473+00:00
1587731d1c2d851323762cbe64013dcea9684b94228d330077d7d7387eca2821,https://www.peakhondaworld.com/inventory/2026-honda-metropolitan-base-littleton-co-80123-13531928i,JH2AF7718TK900378,Honda,METROPOLITAN Base,2026,,,New,2649,,,,,,Scooter,,2026-06-02T05:00:01.987+00:00,2026-06-04T05:00:02.473+00:00
b295e40288f897387dce522480c08e86f1ab9040ab2c43f740cc453df79b5d4c,https://www.peakhondaworld.com/inventory/2026-honda-navi-base-littleton-co-80123-14091595i,3H1JK0718TD400091,Honda,NAVI Base,2026,,,New,2199,,,,,,Other,Motorcycle,2026-05-14T11:42:58.247398+00:00,2026-05-15T05:00:01.995+00:00
413a78ed75d629b47d73c5f8371eb48f4fb81400e33e7ee5ccef3993481d93a9,https://www.peakhondaworld.com/inventory/2026-honda-navi-base-littleton-co-80123-14208678i,3H1JK0710TD400473,Honda,NAVI Base,2026,,,New,2199,,,,,,Other,Motorcycle,2026-06-02T05:00:01.987+00:00,2026-06-04T05:00:02.473+00:00
740d6ebb2725487e5b5c911e8ae71018f6352340073ad8b0173fbbc6095ff297,https://www.peakhondaworld.com/inventory/2026-honda-navi-base-littleton-co-80123-14208679i,3H1JK0713TD400483,Honda,NAVI Base,2026,,,New,2199,,,,,,Other,Motorcycle,2026-06-02T05:00:01.987+00:00,2026-06-04T05:00:02.473+00:00
74153cf61d0c6ae8f6e5386136791e64e2bb0ba0adf2960c54a0bb2fc8c9fc08,https://www.peakhondaworld.com/inventory/2026-honda-navi-littleton-co-80123-14091593i,3H1JK0713TD400015,Honda,NAVI,2026,,,New,2199,,,,,,Other,Motorcycle,2026-06-02T05:00:01.987+00:00,2026-06-04T05:00:02.473+00:00
6431d56527800e13de3f72e76cfbcd05bb04ad59abc9db808a2f5061e8b2dfcf,https://www.peakhondaworld.com/inventory/2026-honda-navi-littleton-co-80123-14118417i,3H1JK07F4TD200224,Honda,NAVI,2026,,,New,2349,,,,,,Other,Motorcycle,2026-06-02T05:00:01.987+00:00,2026-06-04T05:00:02.473+00:00
8ca578ffd42d3c1f41cea46e8e4b692b66ff9495534081b5b6748e04742cfc41,https://www.peakhondaworld.com/inventory/2026-honda-nc750x-dct-littleton-co-80123-14101842i,JH2RH2311TK100365,Honda,NC750X DCT,2026,,,New,9499,,,,,,Other,Motorcycle,2026-06-02T05:00:01.987+00:00,2026-06-04T05:00:02.473+00:00
173c596cfe18ec910d18c1cdaf8b8fd1eeca7229e9dfe6a0ceeae5910aa69a23,https://www.peakhondaworld.com/inventory/2026-honda-nt1100-dct-littleton-co-80123-14248180i,JH2SC9046TK100580,Honda,NT1100 DCT,2026,,,New,11999,,,,,,Other,Motorcycle,2026-06-02T05:00:01.987+00:00,2026-06-04T05:00:02.473+00:00
97f994fa2032b9000c668a8a0890846aebf9f87a154fb4afa410de9e5f63f177,https://www.peakhondaworld.com/inventory/2026-honda-pcx-abs-littleton-co-80123-14182320i,RLHKF472XTY100098,Honda,PCX ABS,2026,,,New,4349,,,,,,Other,Motorcycle,2026-06-02T05:00:01.987+00:00,2026-06-04T05:00:02.473+00:00
d6d2b2b41ac6bdfbadc1246892859b933cf83ecb923de5a16809bd14c62376a1,https://www.peakhondaworld.com/inventory/2026-honda-pioneer-520-littleton-co-80123-13734102i,1HFVE0749T4100097,Honda,PIONEER 520,2026,,,New,10999,,,,,,Off-road Vehicle - Multipurpose Off-Highway Utility Vehicle [MOHUV] or Recreational Off-Highway Vehicle [ROV],,2026-06-02T05:00:01.987+00:00,2026-06-04T05:00:02.473+00:00
a4f89083fb03800ad87ff76e0ca53cfe4bb44dcfef075a13ee3858f890646c89,https://www.peakhondaworld.com/inventory/2026-honda-pioneer-520-littleton-co-80123-13734103i,1HFVE0745T4100629,Honda,PIONEER 520,2026,,,New,10999,,,,,,Off-road Vehicle - Multipurpose Off-Highway Utility Vehicle [MOHUV] or Recreational Off-Highway Vehicle [ROV],,2026-06-02T05:00:01.987+00:00,2026-06-04T05:00:02.473+00:00
a654d5dcb356c2fb87024190627a18583dad78e8d1dbed2e64d010357c0e1067,https://www.peakhondaworld.com/inventory/2026-honda-pioneer-520-littleton-co-80123-13734104i,1HFVE0748T4100639,Honda,PIONEER 520,2026,,,New,10999,,,,,,,,2026-06-02T05:00:01.987+00:00,2026-06-04T05:00:02.473+00:00
4897b37bce48be081238e1c60f314bdd46d7113d9f0e41746e93dc7bf770b9b0,https://www.peakhondaworld.com/inventory/2026-honda-pioneer-520-littleton-co-80123-13734109i,1HFVE0745T4100341,Honda,PIONEER 520,2026,,,New,11492,,,,,,Off-road Vehicle - Multipurpose Off-Highway Utility Vehicle [MOHUV] or Recreational Off-Highway Vehicle [ROV],,2026-06-02T05:00:01.987+00:00,2026-06-04T05:00:02.473+00:00
77717fa6ace3df02df6323dbfe0c519234c2585652c4ec8fd15124d26573e92f,https://www.peakhondaworld.com/inventory/2026-honda-pioneer-520-littleton-co-80123-13734110i,1HFVE0745T4100324,Honda,PIONEER 520,2026,,,New,10999,,,,,,,,2026-06-02T05:00:01.987+00:00,2026-06-04T05:00:02.473+00:00
8a9b2c605afb12fcb9b4e7d60e3db9a91cb7c63052510fcec430263b75d1bd9d,https://www.peakhondaworld.com/inventory/2026-honda-pioneer-520-littleton-co-80123-13734114i,1HFVE0747T4100633,Honda,PIONEER 520,2026,,,New,12401,,,,,,Off-road Vehicle - Multipurpose Off-Highway Utility Vehicle [MOHUV] or Recreational Off-Highway Vehicle [ROV],,2026-06-02T05:00:01.987+00:00,2026-06-04T05:00:02.473+00:00
6f44ad74d20ded9f3147265663ccd4161b22fe8f6e38b649b855ab8585fa5c18,https://www.peakhondaworld.com/inventory/2026-honda-pioneer-520-littleton-co-80123-13734115i,1HFVE0740T4100635,Honda,PIONEER 520,2026,,,New,10999,,,,,,Off-road Vehicle - Multipurpose Off-Highway Utility Vehicle [MOHUV] or Recreational Off-Highway Vehicle [ROV],,2026-06-02T05:00:01.987+00:00,2026-06-04T05:00:02.473+00:00
d828b50d68432f0869f24254c0be041d5900f71fa8424644e5cfd20c46be6e06,https://www.peakhondaworld.com/inventory/2026-honda-pioneer-520-littleton-co-80123-13846563i,1HFVE0743T4101665,Honda,PIONEER 520,2026,,,New,12234,,,,,,,,2026-06-02T05:00:01.987+00:00,2026-06-04T05:00:02.473+00:00
b96ca1d7c1692421e2f63eff9d676fc2573f530a00deccbb75878ed543909b91,https://www.peakhondaworld.com/inventory/2026-honda-pioneer-700-4-base-littleton-co-80123-13997319i,1HFVE0202T4101208,Honda,PIONEER 700-4 Base,2026,,,New,14399,,,,,,Off-road Vehicle - Multipurpose Off-Highway Utility Vehicle [MOHUV] or Recreational Off-Highway Vehicle [ROV],,2026-06-02T05:00:01.987+00:00,2026-06-04T05:00:02.473+00:00
192f0ee13a4e73702dfc7da6b362a09e6b97eb00802dbd14e3072d95024c53de,https://www.peakhondaworld.com/inventory/2026-honda-pioneer-700-4-deluxe-littleton-co-80123-13952540i,1HFVE02HXT4101849,Honda,Pioneer 700-4 Deluxe,2026,,,New,15999,,,,,,Off-road Vehicle - Multipurpose Off-Highway Utility Vehicle [MOHUV] or Recreational Off-Highway Vehicle [ROV],,2026-06-02T05:00:01.987+00:00,2026-06-04T05:00:02.473+00:00
df3f326732bd61ab916bac4d4e4b156475ce77f28c9195ec3b0a894463a86e1e,https://www.peakhondaworld.com/inventory/2026-honda-pioneer-700-4-deluxe-littleton-co-80123-14012599i,1HFVE02HXT4102113,Honda,Pioneer 700-4 Deluxe,2026,,,New,17870,,,,,,Off-road Vehicle - Multipurpose Off-Highway Utility Vehicle [MOHUV] or Recreational Off-Highway Vehicle [ROV],,2026-06-02T05:00:01.987+00:00,2026-06-04T05:00:02.473+00:00
18aa3b689aaaab59ba8db1b9776740d99829a788c07702a7caf55aeb7c6c79c2,https://www.peakhondaworld.com/inventory/2026-honda-pioneer-700-4-deluxe-littleton-co-80123-14020029i,1HFVE02HXT4101995,Honda,Pioneer 700-4 Deluxe,2026,,,New,15999,,,,,,,,2026-06-02T05:00:01.987+00:00,2026-06-04T05:00:02.473+00:00
960b7a0e23fbdbb8dc708c2aad7fae1be57fcf77e285a7b3263b27dff3735877,https://www.peakhondaworld.com/inventory/2026-honda-pioneer-700-4-deluxe-littleton-co-80123-14020030i,1HFVE02H5T4102133,Honda,Pioneer 700-4 Deluxe,2026,,,New,18370,,,,,,Off-road Vehicle - Multipurpose Off-Highway Utility Vehicle [MOHUV] or Recreational Off-Highway Vehicle [ROV],,2026-06-02T05:00:01.987+00:00,2026-06-04T05:00:02.473+00:00
0509b3c5639b8f6aeafe8cd2d96fd8cdda441b0a262c686b5770ee8dbff14e13,https://www.peakhondaworld.com/inventory/2026-honda-pioneer-700-4-forest-forest-littleton-co-80123-14012598i,1HFVE02L7T4100386,Honda,PIONEER 700-4 FOREST Forest,2026,,,New,17999,,,,,,Off-road Vehicle - Multipurpose Off-Highway Utility Vehicle [MOHUV] or Recreational Off-Highway Vehicle [ROV],,2026-06-02T05:00:01.987+00:00,2026-06-04T05:00:02.473+00:00
af1dcd157a33bd5abbbf3df4a7718e92974f667d212576ef40d306ca8ba354cb,https://www.peakhondaworld.com/inventory/2026-honda-pioneer-700-4-forest-littleton-co-80123-13997320i,1HFVE02L6T4100637,Honda,Pioneer 700-4 Forest,2026,,,New,17999,,,,,,Off-road Vehicle - Multipurpose Off-Highway Utility Vehicle [MOHUV] or Recreational Off-Highway Vehicle [ROV],,2026-06-02T05:00:01.987+00:00,2026-06-04T05:00:02.473+00:00
4f05545122af2d655f6811737fbbe525e44afb365a873f57bebfffd55b7943c3,https://www.peakhondaworld.com/inventory/2026-honda-pioneer-700-4-forest-littleton-co-80123-14012602i,1HFVE02L1T4100643,Honda,Pioneer 700-4 Forest,2026,,,New,17999,,,,,,Off-road Vehicle - Multipurpose Off-Highway Utility Vehicle [MOHUV] or Recreational Off-Highway Vehicle [ROV],,2026-06-02T05:00:01.987+00:00,2026-06-04T05:00:02.473+00:00
5cde990f1d7ddd44cd81199e6707a3aaffae5ad41d3cc40b17c204fa49914a72,https://www.peakhondaworld.com/inventory/2026-honda-pioneer-700-base-littleton-co-80123-13846561i,1HFVE0226T4100905,Honda,PIONEER 700 Base,2026,,,New,12899,,,,,,Off-road Vehicle - Multipurpose Off-Highway Utility Vehicle [MOHUV] or Recreational Off-Highway Vehicle [ROV],,2026-06-02T05:00:01.987+00:00,2026-06-04T05:00:02.473+00:00
54d6a6865f3b81d1a40f7b996e0ad0e2c70af1d7cd1a1edac14313661a0b3819,https://www.peakhondaworld.com/inventory/2026-honda-pioneer-700-deluxe-deluxe-littleton-co-80123-13779112i,1HFVE02N4T4100475,Honda,PIONEER 700 DELUXE Deluxe,2026,,,New,14499,,,,,,Off-road Vehicle - Multipurpose Off-Highway Utility Vehicle [MOHUV] or Recreational Off-Highway Vehicle [ROV],,2026-06-02T05:00:01.987+00:00,2026-06-04T05:00:02.473+00:00
16ac2eb82bf69ba2225b4221afd3238523bf3b257e8d07e0efb8e05bf4257a9d,https://www.peakhondaworld.com/inventory/2026-honda-pioneer-700-deluxe-deluxe-littleton-co-80123-13794860i,1HFVE02N8T4100477,Honda,PIONEER 700 DELUXE Deluxe,2026,,,New,14499,,,,,,Off-road Vehicle - Multipurpose Off-Highway Utility Vehicle [MOHUV] or Recreational Off-Highway Vehicle [ROV],,2026-06-02T05:00:01.987+00:00,2026-06-04T05:00:02.473+00:00
a923bb6f9be5f8bbc8f225e49bdb47cc5e8a889dd033cf6172726cb68fa523c5,https://www.peakhondaworld.com/inventory/2026-honda-pioneer-700-deluxe-deluxe-littleton-co-80123-13827639i,1HFVE02N1T4101213,Honda,PIONEER 700 DELUXE Deluxe,2026,,,New,14499,,,,,,Off-road Vehicle - Multipurpose Off-Highway Utility Vehicle [MOHUV] or Recreational Off-Highway Vehicle [ROV],,2026-06-02T05:00:01.987+00:00,2026-06-04T05:00:02.473+00:00
c6c808b979e12022f67466ce1e350abd460df6d68c870cc3a9fe89e862fdfb50,https://www.peakhondaworld.com/inventory/2026-honda-pioneer-700-deluxe-deluxe-littleton-co-80123-13993188i,1HFVE02N7T4100955,Honda,PIONEER 700 DELUXE Deluxe,2026,,,New,15861,,,,,,Off-road Vehicle - Multipurpose Off-Highway Utility Vehicle [MOHUV] or Recreational Off-Highway Vehicle [ROV],,2026-06-02T05:00:01.987+00:00,2026-06-04T05:00:02.473+00:00
9e80b08f571a0e01ff93d3f2acfe2aca049185a286befc931185dd693c77bd34,https://www.peakhondaworld.com/inventory/2026-honda-pioneer-700-forest-forest-littleton-co-80123-13997321i,1HFVE02M6T4100064,Honda,PIONEER 700 FOREST Forest,2026,,,New,16499,,,,,,Off-road Vehicle - Multipurpose Off-Highway Utility Vehicle [MOHUV] or Recreational Off-Highway Vehicle [ROV],,2026-06-02T05:00:01.987+00:00,2026-06-04T05:00:02.473+00:00
23b5c89fc4b358a231f3b45ef6636a9fad1897d511cee9111814d5edcd5b8677,https://www.peakhondaworld.com/inventory/2026-honda-pioneer-700-forest-littleton-co-80123-14012600i,1HFVE02M7T4100302,Honda,Pioneer 700 Forest,2026,,,New,19584.84,,,,,,Off-road Vehicle - Multipurpose Off-Highway Utility Vehicle [MOHUV] or Recreational Off-Highway Vehicle [ROV],,2026-06-02T05:00:01.987+00:00,2026-06-04T05:00:02.473+00:00
802118078011763f33362db2598da4bb1fd05ef6ba14c6e58c5548c127006c1c,https://www.peakhondaworld.com/inventory/2026-honda-pioneer-700-forest-littleton-co-80123-14012601i,1HFVE02MXT4100326,Honda,Pioneer 700 Forest,2026,,,New,16499,,,,,,Off-road Vehicle - Multipurpose Off-Highway Utility Vehicle [MOHUV] or Recreational Off-Highway Vehicle [ROV],,2026-06-02T05:00:01.987+00:00,2026-06-04T05:00:02.473+00:00
5091cb054c8b766a465495314bb209a35be04409ff9411fb572c482e52a4936a,https://www.peakhondaworld.com/inventory/2026-honda-pioneer-700-forest-littleton-co-80123-14085917i,1HFVE02M7T4100543,Honda,Pioneer 700 Forest,2026,,,New,16499,,,,,,Off-road Vehicle - Multipurpose Off-Highway Utility Vehicle [MOHUV] or Recreational Off-Highway Vehicle [ROV],,2026-06-02T05:00:01.987+00:00,2026-06-04T05:00:02.473+00:00
90fb5f274c04a882706a4c13609b58f306b247821cee100620fb8ed083c0b35b,https://www.peakhondaworld.com/inventory/2026-honda-pioneer-700-forest-littleton-co-80123-14085918i,1HFVE02MXT4100570,Honda,Pioneer 700 Forest,2026,,,New,17906,,,,,,Off-road Vehicle - Multipurpose Off-Highway Utility Vehicle [MOHUV] or Recreational Off-Highway Vehicle [ROV],,2026-06-02T05:00:01.987+00:00,2026-06-04T05:00:02.473+00:00
093a1070b893e55cb500b11e93924758e93acc42332e605f8afe9c4f662a4ab4,https://www.peakhondaworld.com/inventory/2026-honda-pioneer-700-littleton-co-80123-13665586i,1HFVE0229T4100056,Honda,PIONEER 700,2026,,,New,12899,,,,,,Off-road Vehicle - Multipurpose Off-Highway Utility Vehicle [MOHUV] or Recreational Off-Highway Vehicle [ROV],,2026-06-02T05:00:01.987+00:00,2026-06-04T05:00:02.473+00:00
82a8494e282ec6e6206f7a78c129d036b29480289fce69851e80ac70d43e312a,https://www.peakhondaworld.com/inventory/2026-honda-pioneer-700-littleton-co-80123-13794859i,1HFVE0222T4100724,Honda,PIONEER 700,2026,,,New,12899,,,,,,,,2026-06-02T05:00:01.987+00:00,2026-06-04T05:00:02.473+00:00
04953f68e42ef99011132ef8f6ff2ab56d19952ce3ec88eda1fb55ce2e406cf4,https://www.peakhondaworld.com/inventory/2026-honda-rancher-4x4-at-eps-4x4-automatic-dct-eps-littleton-co-80123-13516091i,1HFTE4105TJ200476,Honda,RANCHER 4X4 AT EPS 4X4 Automatic DCT EPS,2026,,,New,7849,,,,,,Other,Motorcycle,2026-06-02T05:00:01.987+00:00,2026-06-04T05:00:02.473+00:00
edb2fedaf3406181934697d178b463eac1d28fbd1a43959cc8e5e3d1dca78f4d,https://www.peakhondaworld.com/inventory/2026-honda-rancher-4x4-at-eps-4x4-automatic-dct-eps-littleton-co-80123-13722903i,1HFTE4102TJ201374,Honda,RANCHER 4X4 AT EPS 4X4 Automatic DCT EPS,2026,,,New,7849,,,,,,Other,Motorcycle,2026-06-02T05:00:01.987+00:00,2026-06-04T05:00:02.473+00:00
3a5fa1dc9180aee263cc8a8703ebf202abbe3a1e0c94d5253a56cfddec5edc28,https://www.peakhondaworld.com/inventory/2026-honda-rancher-4x4-at-eps-4x4-automatic-dct-eps-littleton-co-80123-13722904i,1HFTE4109TJ201503,Honda,RANCHER 4X4 AT EPS 4X4 Automatic DCT EPS,2026,,,New,7849,,,,,,Other,Motorcycle,2026-06-02T05:00:01.987+00:00,2026-06-04T05:00:02.473+00:00
7cd7168dfe687b567c6de240298f6c8ccbfaa137ac19432745f1e5bf1d243ce2,https://www.peakhondaworld.com/inventory/2026-honda-rancher-4x4-at-eps-littleton-co-80123-14292685i,1HFTE4105TJ202292,Honda,RANCHER 4X4 AT EPS,2026,,,New,7849,,,,,,Other,Motorcycle,2026-06-02T05:00:01.987+00:00,2026-06-04T05:00:02.473+00:00
bf732c766dfdaa55660fa5b5d8d1e08d8890f30ceaa60795a44b8eca37cb2bcd,https://www.peakhondaworld.com/inventory/2026-honda-rancher-4x4-at-irs-eps-4x4-automatic-dct-irs-eps-littleton-co-80123-13488565i,1HFTE4724TJ200008,Honda,RANCHER 4X4 AT IRS EPS 4X4 Automatic DCT IRS EPS,2026,,,New,8299,,,,,,,,2026-06-02T05:00:01.987+00:00,2026-06-04T05:00:02.473+00:00
baf9e476fde60409916605ed284fd009ff46cebf10bc8f5f2c0515fa164e6d1b,https://www.peakhondaworld.com/inventory/2026-honda-rancher-4x4-at-irs-eps-4x4-automatic-dct-irs-eps-littleton-co-80123-13794858i,1HFTE4729TJ200568,Honda,RANCHER 4X4 AT IRS EPS 4X4 Automatic DCT IRS EPS,2026,,,New,8299,,,,,,,,2026-06-02T05:00:01.987+00:00,2026-06-04T05:00:02.473+00:00
b9ed4a4954da56393081f8247518376b5f4e1614e5df8975d3e6dbfaad6e91a0,https://www.peakhondaworld.com/inventory/2026-honda-rancher-4x4-at-irs-eps-4x4-automatic-dct-irs-eps-littleton-co-80123-14043586i,1HFTE4724TJ200669,Honda,RANCHER 4X4 AT IRS EPS 4X4 Automatic DCT IRS EPS,2026,,,New,8299,,,,,,,,2026-06-02T05:00:01.987+00:00,2026-06-04T05:00:02.473+00:00
a2454140be2857f25f8c53bb72fbf3919229af1e5710eb708efbbfac240d25fd,https://www.peakhondaworld.com/inventory/2026-honda-rancher-4x4-littleton-co-80123-13413714i,1HFTE4059TJ200140,Honda,RANCHER 4X4,2026,,,New,7049,,,,,,Other,Motorcycle,2026-06-02T05:00:01.987+00:00,2026-06-04T05:00:02.473+00:00
c4be595162ef8cd027fd1eb7520a3a7b29dda288b08f95feccead818c8599f61,https://www.peakhondaworld.com/inventory/2026-honda-rancher-4x4-littleton-co-80123-13643495i,1HFTE4004TJ203337,Honda,RANCHER 4X4,2026,,,New,7349,,,,,,Other,Motorcycle,2026-05-14T11:42:58.247398+00:00,2026-05-15T05:00:01.995+00:00
b1400249933f835e062c299a5e08d2a49d30f2942ece9d70341f9e333a93a077,https://www.peakhondaworld.com/inventory/2026-honda-rancher-4x4-littleton-co-80123-13764697i,1HFTE4007TJ203414,Honda,RANCHER 4X4,2026,,,New,6549,,,,,,Other,Motorcycle,2026-06-02T05:00:01.987+00:00,2026-06-04T05:00:02.473+00:00
afce416fde28dc6eba443ae211122c2511a73adcf810e0a50590dc6f62c76423,https://www.peakhondaworld.com/inventory/2026-honda-rancher-4x4-littleton-co-80123-13764698i,1HFTE4002TJ203319,Honda,RANCHER 4X4,2026,,,New,6549,,,,,,Other,Motorcycle,2026-06-02T05:00:01.987+00:00,2026-06-04T05:00:02.473+00:00
0221dacac88e73a17cc57dbbd7ea666026828de220a8ef2b2ac15bc523b9eb2c,https://www.peakhondaworld.com/inventory/2026-honda-rancher-4x4-littleton-co-80123-13764700i,1HFTE4002TJ203322,Honda,RANCHER 4X4,2026,,,New,6549,,,,,,Other,Motorcycle,2026-06-02T05:00:01.987+00:00,2026-06-04T05:00:02.473+00:00
4133058b39b66640302f6d7b1118ee6923f7ce949c2074d53ece836ee018d092,https://www.peakhondaworld.com/inventory/2026-honda-rancher-base-littleton-co-80123-14005629i,1HFTE3908TJ200647,Honda,RANCHER Base,2026,,,New,5449,,,,,,Other,Motorcycle,2026-06-02T05:00:01.987+00:00,2026-06-04T05:00:02.473+00:00
644c665a26b02b394810abb428dd05ded4eb8a21cdb97c16244dfd35b8b773a2,https://www.peakhondaworld.com/inventory/2026-honda-rancher-base-littleton-co-80123-14012607i,1HFTE3906TJ200663,Honda,RANCHER Base,2026,,,New,5449,,,,,,Other,Motorcycle,2026-06-02T05:00:01.987+00:00,2026-06-04T05:00:02.473+00:00
5101cea75a8f51365e055bfdb1b54debf634fdfa809c3aa3a55b13ed580e9c1f,https://www.peakhondaworld.com/inventory/2026-honda-rebel-1100-dct-littleton-co-80123-14076261i,JH2SC8781TK100425,Honda,REBEL 1100 DCT,2026,,,New,10399,,,,,,Other,Motorcycle,2026-06-02T05:00:01.987+00:00,2026-06-04T05:00:02.473+00:00
50755b3d5095e6fab94e21d76a01db774a9afa2b89f5a1dbddc1324026e5e389,https://www.peakhondaworld.com/inventory/2026-honda-rebel-1100-dct-littleton-co-80123-14118418i,JH2SC8783TK100264,Honda,REBEL 1100 DCT,2026,,,New,10399,,,,,,Other,Motorcycle,2026-06-02T05:00:01.987+00:00,2026-06-04T05:00:02.473+00:00
477732a218fabad1388db3c947a606dc04eb4e3ebed11150c080267ba54c8e33,https://www.peakhondaworld.com/inventory/2026-honda-rebel-1100-dct-littleton-co-80123-14270840i,JH2SC8787TK100784,Honda,REBEL 1100 DCT,2026,,,New,10399,,,,,,,,2026-06-02T05:00:01.987+00:00,2026-06-04T05:00:02.473+00:00
573fe9abbf4b2804980bc957c3b636755a642f55be937c2be29afa68d2b07e80,https://www.peakhondaworld.com/inventory/2026-honda-rebel-1100-dct-littleton-co-80123-14270841i,JH2SC8786TK100839,Honda,REBEL 1100 DCT,2026,,,New,10399,,,,,,Other,Motorcycle,2026-06-02T05:00:01.987+00:00,2026-06-04T05:00:02.473+00:00
08728994754c450ae672360892d30b11ce5df27f7f578110ee70b06bd25193bf,https://www.peakhondaworld.com/inventory/2026-honda-rebel-1100-dct-se-littleton-co-80123-14138666i,JH2SC87M1TK100597,Honda,Rebel 1100 DCT SE,2026,,,New,11199,,,,,,Other,Motorcycle,2026-06-02T05:00:01.987+00:00,2026-06-04T05:00:02.473+00:00
e6c161ed7504c86833bc4ba641f10426bd796ba1a404ac0aef287f8adcff665b,https://www.peakhondaworld.com/inventory/2026-honda-rebel-1100-dct-se-littleton-co-80123-14270844i,JH2SC87M4TK100674,Honda,REBEL 1100 DCT SE,2026,,,New,11199,,,,,,Other,Motorcycle,2026-06-02T05:00:01.987+00:00,2026-06-04T05:00:02.473+00:00
628f889d67b959404949db0948e738ef7f9c6275efb066709326b3980e49c59e,https://www.peakhondaworld.com/inventory/2026-honda-rebel-1100-dct-se-littleton-co-80123-14270845i,JH2SC87M9TK100671,Honda,REBEL 1100 DCT SE,2026,,,New,11199,,,,,,Other,Motorcycle,2026-06-02T05:00:01.987+00:00,2026-06-04T05:00:02.473+00:00
dcf077e2c7f801bf064f7e1bb080b7bf660b1cc6799283758589a9face3a61f9,https://www.peakhondaworld.com/inventory/2026-honda-rebel-1100-littleton-co-80123-14076260i,JH2SC8719TK100594,Honda,REBEL 1100,2026,,,New,9699,,,,,,Other,Motorcycle,2026-06-02T05:00:01.987+00:00,2026-06-04T05:00:02.473+00:00
da101d3fb4e8ef9a8e25609ffaedc0c7b44c73bec3dcfcff745de8f3b13259bf,https://www.peakhondaworld.com/inventory/2026-honda-rebel-1100-t-base-littleton-co-80123-14270842i,JH2SC8751TK100608,Honda,REBEL 1100 T Base,2026,,,New,10899,,,,,,Other,Motorcycle,2026-06-02T05:00:01.987+00:00,2026-06-04T05:00:02.473+00:00
4acfac82d8fa499a52f4b2735f7d1cef9edbfdb06a15375ad0a394d2b321948b,https://www.peakhondaworld.com/inventory/2026-honda-rebel-1100-t-dct-littleton-co-80123-14076262i,JH2SC87G8TK100509,Honda,REBEL 1100 T DCT,2026,,,New,11599,,,,,,Other,Motorcycle,2026-06-02T05:00:01.987+00:00,2026-06-04T05:00:02.473+00:00
f0943f46abded00b9690bb0d7c33a6b398b29632e3868ed630144a8f79afbd5a,https://www.peakhondaworld.com/inventory/2026-honda-rebel-1100-t-dct-littleton-co-80123-14270843i,JH2SC87GXTK100284,Honda,REBEL 1100 T DCT,2026,,,New,11599,,,,,,Other,Motorcycle,2026-06-02T05:00:01.987+00:00,2026-06-04T05:00:02.473+00:00
cb040980885fd779f442c588a3a1e813561f216e8bd274afa7804392a341ac0f,https://www.peakhondaworld.com/inventory/2026-honda-rebel-300-e-clutch-e-clutch-littleton-co-80123-14208657i,MLHNC5357T5902120,Honda,REBEL 300 E-CLUTCH E-Clutch,2026,,,New,5349,,,,,,Other,Motorcycle,2026-06-02T05:00:01.987+00:00,2026-06-04T05:00:02.473+00:00
c1f969587fde7a8245207bf931ffec5196ceb0cd992e6ae4da0abb119ef94647,https://www.peakhondaworld.com/inventory/2026-honda-rebel-300-e-clutch-e-clutch-littleton-co-80123-14208664i,MLHNC5354T5902088,Honda,REBEL 300 E-CLUTCH E-Clutch,2026,,,New,5349,,,,,,Other,Motorcycle,2026-06-02T05:00:01.987+00:00,2026-06-04T05:00:02.473+00:00
6c2f3828276ee55bfa8047d644260ecfeab9c342a4423422580bdbfcdefe6167,https://www.peakhondaworld.com/inventory/2026-honda-rebel-300-e-clutch-e-clutch-littleton-co-80123-14208674i,MLHNC5356T5902139,Honda,REBEL 300 E-CLUTCH E-Clutch,2026,,,New,5349,,,,,,Other,Motorcycle,2026-06-02T05:00:01.987+00:00,2026-06-04T05:00:02.473+00:00
77f71062eba85604cfab4a722db6a170ff457ec89c7f568ad37c66e3edab7e3f,https://www.peakhondaworld.com/inventory/2026-honda-rebel-300-e-clutch-e-clutch-littleton-co-80123-14258254i,MLHNC5353T5902163,Honda,REBEL 300 E-CLUTCH E-Clutch,2026,,,New,5349,,,,,,Other,Motorcycle,2026-06-02T05:00:01.987+00:00,2026-06-04T05:00:02.473+00:00
a7fb7ed8ba470203f281bd57e8fda863d7483cf992726370d74e635055e240c6,https://www.peakhondaworld.com/inventory/2026-honda-rebel-300-e-clutch-littleton-co-80123-13915955i,MLHNC5355T5900592,Honda,REBEL 300 E-CLUTCH,2026,,,New,5349,,,,,,Other,Motorcycle,2026-06-02T05:00:01.987+00:00,2026-06-04T05:00:02.473+00:00
85e2dccd7f6af24eae870bda488adc36afff5628fe309952491b3238b9a5bd3b,https://www.peakhondaworld.com/inventory/2026-honda-rebel-300-e-clutch-littleton-co-80123-14012608i,MLHNC5358T5901199,Honda,Rebel 300 E-Clutch,2026,,,New,5349,,,,,,Other,Motorcycle,2026-06-02T05:00:01.987+00:00,2026-06-04T05:00:02.473+00:00
07c6f9d1bbf97852968d22f8670b48ac5dc9a335ddcb8da6aec59250c1878a8c,https://www.peakhondaworld.com/inventory/2026-honda-rebel-500-abs-base-littleton-co-80123-14208658i,MLHPC5650T5901136,Honda,REBEL 500 ABS Base,2026,,,New,6799,,,,,,Other,Motorcycle,2026-06-02T05:00:01.987+00:00,2026-06-04T05:00:02.473+00:00
401cac95cba749252255a830b4fba28aeefd86492365a462bb517febf6403918,https://www.peakhondaworld.com/inventory/2026-honda-rebel-500-abs-base-littleton-co-80123-14208659i,MLHPC5651T5901128,Honda,REBEL 500 ABS Base,2026,,,New,6799,,,,,,Other,Motorcycle,2026-06-02T05:00:01.987+00:00,2026-06-04T05:00:02.473+00:00
180a6a35008c2016b94721ca46230e86aca702a5009bfb9473bffb77a2817182,https://www.peakhondaworld.com/inventory/2026-honda-rebel-500-abs-base-littleton-co-80123-14208660i,MLHPC5653T5901163,Honda,REBEL 500 ABS Base,2026,,,New,6799,,,,,,Other,Motorcycle,2026-06-02T05:00:01.987+00:00,2026-06-04T05:00:02.473+00:00
afc04ff0f0c5d92d4d80af6e8485117e6ea4969deb51f9927b1d3e2dbb5d31e6,https://www.peakhondaworld.com/inventory/2026-honda-rebel-500-abs-base-littleton-co-80123-14208662i,MLHPC5657T5901179,Honda,REBEL 500 ABS Base,2026,,,New,6799,,,,,,Other,Motorcycle,2026-06-02T05:00:01.987+00:00,2026-06-04T05:00:02.473+00:00
ccf0bc82cac279e68e5e704c9f2d1aebcdd596773590a089a7e04590fcaa3cac,https://www.peakhondaworld.com/inventory/2026-honda-rebel-500-abs-base-littleton-co-80123-14208663i,MLHPC5654T5901169,Honda,REBEL 500 ABS Base,2026,,,New,6799,,,,,,Other,Motorcycle,2026-06-02T05:00:01.987+00:00,2026-06-04T05:00:02.473+00:00
8bc4dd756755d4d82fa4a183cf0e2a5f3ac0ee74643c76732a3f7f34abb31e06,https://www.peakhondaworld.com/inventory/2026-honda-rebel-500-abs-base-littleton-co-80123-14208666i,MLHPC5655T5901133,Honda,REBEL 500 ABS Base,2026,,,New,6799,,,,,,Other,Motorcycle,2026-06-02T05:00:01.987+00:00,2026-06-04T05:00:02.473+00:00
bdabfd0019d8cb5b78b2b8ce6604ae6819424e090090fcb4177af3d4d3f6ac1f,https://www.peakhondaworld.com/inventory/2026-honda-rebel-500-abs-base-littleton-co-80123-14208667i,MLHPC5651T5901159,Honda,REBEL 500 ABS Base,2026,,,New,6799,,,,,,Other,Motorcycle,2026-06-02T05:00:01.987+00:00,2026-06-04T05:00:02.473+00:00
1124098e5be04639e05d536c977e2a60ac83544c76d70020cc029da7dd11c423,https://www.peakhondaworld.com/inventory/2026-honda-rebel-500-abs-base-littleton-co-80123-14208668i,MLHPC5657T5901148,Honda,REBEL 500 ABS Base,2026,,,New,6799,,,,,,Other,Motorcycle,2026-06-02T05:00:01.987+00:00,2026-06-04T05:00:02.473+00:00
0a71613d5f6aaf9a85932092a619f114f83e6aacbdd6ab697a69a64d1bc7d530,https://www.peakhondaworld.com/inventory/2026-honda-rebel-500-abs-base-littleton-co-80123-14208669i,MLHPC5655T5901200,Honda,REBEL 500 ABS Base,2026,,,New,6799,,,,,,Other,Motorcycle,2026-06-02T05:00:01.987+00:00,2026-06-04T05:00:02.473+00:00
086585cf6b5591001fd8df010b743af0e70239ee4f02794556027caa1adbfe9b,https://www.peakhondaworld.com/inventory/2026-honda-rebel-500-abs-base-littleton-co-80123-14208670i,MLHPC5652T5901154,Honda,REBEL 500 ABS Base,2026,,,New,6799,,,,,,Other,Motorcycle,2026-06-02T05:00:01.987+00:00,2026-06-04T05:00:02.473+00:00
8ea61bfda31ba21213b63e1f12105bba0142f8c421d08ad730e41d9ca51d0d7e,https://www.peakhondaworld.com/inventory/2026-honda-rebel-500-abs-base-littleton-co-80123-14208675i,MLHPC5650T5901122,Honda,REBEL 500 ABS Base,2026,,,New,6799,,,,,,Other,Motorcycle,2026-06-02T05:00:01.987+00:00,2026-06-04T05:00:02.473+00:00
8bceb713a4334f662d339d896238dfb806342c3946049c5c814dd31dbfeab5ea,https://www.peakhondaworld.com/inventory/2026-honda-rebel-500-abs-se-littleton-co-80123-14118422i,MLHPC5618T5900166,Honda,REBEL 500 ABS SE,2026,,,New,6999,,,,,,Other,Motorcycle,2026-05-14T11:42:58.247398+00:00,2026-05-15T05:00:01.995+00:00
341b679fa134bad80908815f7e15a0b257d784e86dd99bc526c9394fdb0c905d,https://www.peakhondaworld.com/inventory/2026-honda-rebel-500-abs-se-littleton-co-80123-14208656i,MLHPC5610T5900694,Honda,REBEL 500 ABS SE,2026,,,New,6999,,,,,,Other,Motorcycle,2026-06-02T05:00:01.987+00:00,2026-06-04T05:00:02.473+00:00
7a9e9028e4ca37ad1a3a1cab5eab49dd1b1656c0cd87f934de844f440a02b73e,https://www.peakhondaworld.com/inventory/2026-honda-rebel-500-abs-se-littleton-co-80123-14209759i,MLHPC5612T5900714,Honda,REBEL 500 ABS SE,2026,,,New,6999,,,,,,Other,Motorcycle,2026-06-02T05:00:01.987+00:00,2026-06-04T05:00:02.473+00:00
2ab9425d3b04bd9ff7e629988db37be228e9645673520146baf1e0f12f714917,https://www.peakhondaworld.com/inventory/2026-honda-rebel-500-abs-se-littleton-co-80123-14209760i,MLHPC561XT5900492,Honda,REBEL 500 ABS SE,2026,,,New,6999,,,,,,Other,Motorcycle,2026-06-02T05:00:01.987+00:00,2026-06-04T05:00:02.473+00:00
f6ddce66356d100ced8250a5da09b3f3cf4f805d6e0a3f47cb59e034d09ec890,https://www.peakhondaworld.com/inventory/2026-honda-rebel1100-base-littleton-co-80123-14148226i,JH2SC8713TK100719,Honda,Rebel1100 Base,2026,,,New,9699,,,,,,Other,Motorcycle,2026-06-02T05:00:01.987+00:00,2026-06-04T05:00:02.473+00:00
cad35431b6b5c85883180d007d00d5adf7ec1e37a892c4bee16c6b6441605001,https://www.peakhondaworld.com/inventory/2026-honda-rebel1100-base-littleton-co-80123-14148227i,JH2SC8712TK100744,Honda,Rebel1100 Base,2026,,,New,9699,,,,,,Other,Motorcycle,2026-06-02T05:00:01.987+00:00,2026-06-04T05:00:02.473+00:00
3ad7bb30bb87c71290d1d9f7d1feff9724ec09068f20e105aa9337b30ca3cfd8,https://www.peakhondaworld.com/inventory/2026-honda-recon-es-littleton-co-80123-14072494i,1HFTE5401TJ201562,Honda,RECON ES,2026,,,New,5049,,,,,,Other,Motorcycle,2026-06-02T05:00:01.987+00:00,2026-06-04T05:00:02.473+00:00
3057925f531ed3bd7ef4cc377bf104b2a5ccfa1530aaec7123e5f347a0591a20,https://www.peakhondaworld.com/inventory/2026-honda-recon-littleton-co-80123-13812248i,1HFTE2107TJ201018,Honda,RECON,2026,,,New,4849,,,,,,Other,Motorcycle,2026-06-02T05:00:01.987+00:00,2026-06-04T05:00:02.473+00:00
ea330640257b1d73a034bde70388b132f512551bcf365f0f73cdfc4629189535,https://www.peakhondaworld.com/inventory/2026-honda-recon-littleton-co-80123-14076259i,1HFTE210XTJ202079,Honda,RECON,2026,,,New,4849,,,,,,Other,Motorcycle,2026-06-02T05:00:01.987+00:00,2026-06-04T05:00:02.473+00:00
4d4bc439a7a5464c2e10aaa2b5dd35336322bfec6d239cf3a14953a0790da0d1,https://www.peakhondaworld.com/inventory/2026-honda-talon-1000r-fox-live-valve-littleton-co-80123-14148228i,1HFVE0584T4700046,Honda,Talon 1000R FOX Live Valve,2026,,,New,23799,,,,,,Other,Motorcycle,2026-06-02T05:00:01.987+00:00,2026-06-04T05:00:02.473+00:00
0fab36a3c25ddc64eb472a8687e7dc0e5e5323071062f76161d11e09899cb53a,https://www.peakhondaworld.com/inventory/2026-honda-talon-1000r-fox-live-valve-littleton-co-80123-14148232i,1HFVE0588T4700180,Honda,Talon 1000R FOX Live Valve,2026,,,New,23799,,,,,,Other,Motorcycle,2026-06-02T05:00:01.987+00:00,2026-06-04T05:00:02.473+00:00
63f0f2f630b13c33f671508cfc05b0f1aa5d882f92c899ab5790ff4fe16924bb,https://www.peakhondaworld.com/inventory/2026-honda-talon-1000x-4-fox-live-valve-littleton-co-80123-14103380i,1HFVE06FXT4600062,Honda,Talon 1000X 4 FOX Live Valve,2026,,,New,25099,,,,,,Off-road Vehicle - Multipurpose Off-Highway Utility Vehicle [MOHUV] or Recreational Off-Highway Vehicle [ROV],,2026-06-02T05:00:01.987+00:00,2026-06-04T05:00:02.473+00:00
9262af383742166e285e73958948c27a857a5efbedf2b980de83302f651f04a3,https://www.peakhondaworld.com/inventory/2026-honda-talon-1000x-4-fox-live-valve-littleton-co-80123-14103381i,1HFVE0648T4600267,Honda,Talon 1000X 4 FOX Live Valve,2026,,,New,26099,,,,,,Off-road Vehicle - Multipurpose Off-Highway Utility Vehicle [MOHUV] or Recreational Off-Highway Vehicle [ROV],,2026-06-02T05:00:01.987+00:00,2026-06-04T05:00:02.473+00:00
e9fe676f580a8f0957ac5248a62f556868ebf01791cac5686ebf52a5267cd9f6,https://www.peakhondaworld.com/inventory/2026-honda-talon-1000x-4-littleton-co-80123-14148229i,1HFVE06B9T4600048,Honda,Talon 1000X 4,2026,,,New,23099,,,,,,Off-road Vehicle - Multipurpose Off-Highway Utility Vehicle [MOHUV] or Recreational Off-Highway Vehicle [ROV],,2026-06-02T05:00:01.987+00:00,2026-06-04T05:00:02.473+00:00
5f522bc6c340bdad70994fc08637bcd8d9305b5df61251b6e98bb2094fac85ef,https://www.peakhondaworld.com/inventory/2026-honda-talon-1000x-fox-live-valve-littleton-co-80123-14148230i,1HFVE0501T4700046,Honda,Talon 1000X FOX Live Valve,2026,,,New,22799,,,,,,Other,Motorcycle,2026-06-02T05:00:01.987+00:00,2026-06-04T05:00:02.473+00:00
fb0b6e3cd6ea5359921401fd72cca7df9c7f3a01c61402e3cbd06507870e5432,https://www.peakhondaworld.com/inventory/2026-honda-talon-1000x-fox-live-valve-littleton-co-80123-14167861i,1HFVE0505T4700146,Honda,Talon 1000X FOX Live Valve,2026,,,New,22799,,,,,,Other,Motorcycle,2026-06-02T05:00:01.987+00:00,2026-06-04T05:00:02.473+00:00
b3410dd7bfb043157d4829312186d79f3f4bbd124b5756719532a563a747a2a0,https://www.peakhondaworld.com/inventory/2026-honda-talon1000r4-fox-liveva-4-fox-live-valve-littleton-co-80123-14103379i,1HFVE0644T4600136,Honda,TALON1000R4 FOX LIVEVA 4 FOX Live Valve,2026,,,New,26099,,,,,,,,2026-06-02T05:00:01.987+00:00,2026-06-04T05:00:02.473+00:00
b9de58ab145568e7dbb1a2edb2951e5d005fba9a19c8233aa8f188e9e18bc7e3,https://www.peakhondaworld.com/inventory/2026-honda-talon1000r4-fox-liveva-4-fox-live-valve-littleton-co-80123-14270849i,1HFVE0649T4600410,Honda,TALON1000R4 FOX LIVEVA 4 FOX Live Valve,2026,,,New,26099,,,,,,,,2026-05-14T11:42:58.247398+00:00,2026-05-15T05:00:01.995+00:00
1461c2de38ad9e57eb9fc57c7d2b2a35e68f72aaaee7a5a98f245a88d95f72a3,https://www.peakhondaworld.com/inventory/2026-honda-talon1000x4-fox-live-valve-littleton-co-80123-14095518i,1HFVE06F4T4600235,Honda,TALON1000X4 FOX LIVE VALVE,2026,,,New,25099,,,,,,,,2026-05-14T11:42:58.247398+00:00,2026-05-15T05:00:01.995+00:00
52b28933aa85388d7593c580ed6103da47cddb33c78975fe31f96d1b4b3f29a0,https://www.peakhondaworld.com/inventory/2026-honda-talon1000x4-fox-liveva-4-fox-live-valve-littleton-co-80123-14270850i,1HFVE06F8T4600657,Honda,TALON1000X4 FOX LIVEVA 4 FOX Live Valve,2026,,,New,25099,,,,,,Off-road Vehicle - Multipurpose Off-Highway Utility Vehicle [MOHUV] or Recreational Off-Highway Vehicle [ROV],,2026-06-02T05:00:01.987+00:00,2026-06-04T05:00:02.473+00:00
756ca7290f615e71abdd93cb135d12123a3bf5550aad4f71ab891a490203424f,https://www.peakhondaworld.com/inventory/2026-honda-talon1000x4-fox-liveva-littleton-co-80123-14292708i,1HFVE06F8T4600237,Honda,TALON1000X4 FOX LIVEVA,2026,,,New,25099,,,,,,Off-road Vehicle - Multipurpose Off-Highway Utility Vehicle [MOHUV] or Recreational Off-Highway Vehicle [ROV],,2026-06-02T05:00:01.987+00:00,2026-06-04T05:00:02.473+00:00
3f5621508f1244ab62bcbb50e3223907310dde64e1b61b8c26769aa09d4bb697,https://www.peakhondaworld.com/inventory/2026-honda-trail-125-littleton-co-80123-14292693i,MLHJA6551T5300174,Honda,TRAIL 125,2026,,,New,4199,,,,,,Other,Motorcycle,2026-06-02T05:00:01.987+00:00,2026-06-04T05:00:02.473+00:00
8792df55f843491f7d1a9a3d0dcfc54275dee22c783a057d382b5df6faf84055,https://www.peakhondaworld.com/inventory/2026-honda-trail-125-littleton-co-80123-14292694i,MLHJA6558T5300124,Honda,TRAIL 125,2026,,,New,4199,,,,,,Other,Motorcycle,2026-06-02T05:00:01.987+00:00,2026-06-04T05:00:02.473+00:00
dc5868228266fecf2f8d137ac8887b3d7c93cbd8c1b20b5c53f166c1093aba66,https://www.peakhondaworld.com/inventory/2026-honda-trail-125-littleton-co-80123-14292695i,MLHJA6557T5300115,Honda,TRAIL 125,2026,,,New,4199,,,,,,Other,Motorcycle,2026-06-02T05:00:01.987+00:00,2026-06-04T05:00:02.473+00:00
3c086bf8bdba7d33d5077d9c18ace1baadc4b6acd6200b20996af04299dcde7b,https://www.peakhondaworld.com/inventory/2026-honda-trail-125-littleton-co-80123-14292696i,MLHJA6554T5300153,Honda,TRAIL 125,2026,,,New,4199,,,,,,Other,Motorcycle,2026-06-02T05:00:01.987+00:00,2026-06-04T05:00:02.473+00:00
02438656ae24a9af7df0a7027e257da9c873a53d0ddc52f4f1555ef7d573caf3,https://www.peakhondaworld.com/inventory/2026-honda-trail-125-littleton-co-80123-14292698i,MLHJA6556T5300137,Honda,TRAIL 125,2026,,,New,4199,,,,,,Other,Motorcycle,2026-06-02T05:00:01.987+00:00,2026-06-04T05:00:02.473+00:00
273498e17fa48e1552c10ca8072c03cb7f2b3105c9ec23abf60480410b2f3f7b,https://www.peakhondaworld.com/inventory/2026-honda-trx250x-littleton-co-80123-13672089i,1HFTE2705TJ200098,Honda,TRX250X,2026,,,New,5399,,,,,,Other,Motorcycle,2026-06-02T05:00:01.987+00:00,2026-06-04T05:00:02.473+00:00
0ec5abe46b2a9b7b4a10a28e715da19ccae41852ef1b3e64d18789cbd4b55f1e,https://www.peakhondaworld.com/inventory/2026-honda-trx250x-littleton-co-80123-13779114i,1HFTE2707TJ200765,Honda,TRX250X,2026,,,New,5399,,,,,,Other,Motorcycle,2026-06-02T05:00:01.987+00:00,2026-06-04T05:00:02.473+00:00
152ef9cf9d68f24c5c923cfd1ba1913ecf111c2fbadf5801768de51cc2ff7248,https://www.peakhondaworld.com/inventory/2026-honda-trx90x-littleton-co-80123-14091592i,1HFTE5504TJ200159,Honda,TRX90X,2026,,,New,3549,,,,,,Other,Motorcycle,2026-06-02T05:00:01.987+00:00,2026-06-04T05:00:02.473+00:00
ad7e28e11378e736f28a0013b4dac6a14beaef7653b4adf90e0eab053b355420,https://www.peakhondaworld.com/inventory/2026-honda-trx90x-littleton-co-80123-14091596i,1HFTE5501TJ200183,Honda,TRX90X,2026,,,New,3549,,,,,,Other,Motorcycle,2026-06-02T05:00:01.987+00:00,2026-06-04T05:00:02.473+00:00
b9851702eeec855a47b73e48b96ba1f9911b39efa28d457c87f29bfd9e70ec92,https://www.peakhondaworld.com/inventory/2026-honda-trx90x-littleton-co-80123-14122120i,1HFTE5509TJ200612,Honda,TRX90X,2026,,,New,3549,,,,,,Other,Motorcycle,2026-06-02T05:00:01.987+00:00,2026-06-04T05:00:02.473+00:00
ad5c4398b9d460c44748431bd4df0fd7aea73a73ea15f8775530a94c92ededc4,https://www.peakhondaworld.com/inventory/echo-ee-6-13-littleton-co-80123-13288694i,58HBA0616SA077643,Echo,EE-6-13,0,,,New,1749,,,,,,,,2026-06-02T05:00:01.987+00:00,2026-06-04T05:00:02.473+00:00
8959082679fc13379456bf5107cee96732b5bcc4c5305a5abbfa96708e0e36da,https://www.peakhondaworld.com/inventory/echo-ee-6-13-littleton-co-80123-13288696i,58HBA0618SA077644,Echo,EE-6-13,0,,,New,1749,,,,,,,,2026-06-02T05:00:01.987+00:00,2026-06-04T05:00:02.473+00:00
fc6b0d54b69f66e184013c83719dd2511595bad9111c9483eaa736d39f8a1fab,https://www.peakhondaworld.com/inventory/echo-eew-17-14-littleton-co-80123-13288681i,5PSBA0915R1072950,ECHO,EEW-17-14,0,,,New,5319,,,,,,,,2026-06-02T05:00:01.987+00:00,2026-06-04T05:00:02.473+00:00
2fa63e6f39936a7c1536c9c02e35e237bad5b7bf865dc3136e749500c1dddb12,https://www.peakhondaworld.com/inventory/echo-eew-19-14-littleton-co-80123-13288679i,5PSBA1921R1072958,ECHO,EEW-19-14,0,,,New,5569,,,,,,,,2026-06-02T05:00:01.987+00:00,2026-06-04T05:00:02.473+00:00
11fedf73a3a2f09be10a3dea9b3d51cd031774bd6144810d3b3d226d23211a0c,https://www.peakhondaworld.com/inventory/echo-eew-9-13-littleton-co-80123-13464678i,58HBA0916SA078545,Echo,EEW-9-13,0,,,New,2699,,,,,,,,2026-06-02T05:00:01.987+00:00,2026-06-04T05:00:02.473+00:00
ff4c841eb599abc16aa2dfd3c42c149c40c365f150c800a578dbd66a10ae3ca7,https://www.peakhondaworld.com/inventory/echo-emc-7-12-littleton-co-80123-13288690i,5PSBM1219S1076027,Echo,EMC-7-12,0,,,New,1899,,,,,,Other,,2026-06-02T05:00:01.987+00:00,2026-06-04T05:00:02.473+00:00